DATETIME,GAS,COAL,NUCLEAR,WIND,HYDRO,IMPORTS,BIOMASS,OTHER,SOLAR,STORAGE,CARBON_INTENSITY
2009-01-04 00:00:00+00:00,2733.58,3480.4,1183.19,26.96,63.69,161.67,0.0,0.0,0.0,83.16,107.83
2009-01-11 00:00:00+00:00,5829.48,7409.82,1801.2,205.39,140.7,51.23,0.0,0.0,0.0,164.85,199.06
2009-01-18 00:00:00+00:00,5058.56,6936.62,1877.51,253.43,237.21,182.13,0.0,0.0,0.0,149.57,194.25
2009-01-25 00:00:00+00:00,5009.02,6749.47,1997.11,194.42,212.59,326.8,0.0,0.0,0.0,148.59,190.66
2009-02-01 00:00:00+00:00,4731.84,7109.95,2109.47,215.92,182.08,254.96,0.0,0.0,0.0,162.96,193.96
2009-02-08 00:00:00+00:00,4579.44,7448.36,2544.96,133.79,147.12,314.1,0.0,0.0,0.0,178.88,192.65
2009-02-15 00:00:00+00:00,5027.37,6948.13,2638.48,60.31,111.88,145.56,0.0,0.0,0.0,167.31,188.8
2009-02-22 00:00:00+00:00,5121.36,5547.42,2804.4,165.21,131.82,136.15,0.0,0.0,0.0,152.31,171.03
2009-03-01 00:00:00+00:00,5027.3,4931.63,2929.55,190.38,148.88,211.45,0.0,0.0,0.0,171.55,161.57
2009-03-08 00:00:00+00:00,5276.02,5076.81,2808.33,192.06,156.95,194.36,0.0,0.0,0.0,162.19,164.33
2009-03-15 00:00:00+00:00,5143.94,4900.77,2708.14,240.65,209.32,167.69,0.0,0.0,0.0,137.83,162.8
2009-03-22 00:00:00+00:00,5311.38,3996.0,2899.88,113.47,207.82,248.63,0.0,0.0,0.0,136.98,150.02
2009-03-29 00:00:00+00:00,4948.18,4153.69,3022.52,332.58,206.22,305.92,0.0,0.0,0.0,127.26,148.58
2009-04-05 00:00:00+00:00,5088.64,3957.94,2815.51,153.89,188.25,319.92,0.0,0.0,0.0,103.71,150.27
2009-04-12 00:00:00+00:00,4564.7,3390.88,2761.75,211.15,160.47,572.5,0.0,0.0,0.0,89.56,140.46
2009-04-19 00:00:00+00:00,5242.22,2475.26,2959.8,134.32,130.88,581.97,0.0,0.0,0.0,102.56,125.26
2009-04-26 00:00:00+00:00,5566.47,2750.61,2816.18,112.28,84.18,345.85,0.0,0.0,0.0,99.63,133.83
2009-05-03 00:00:00+00:00,5482.66,2886.8,2615.56,168.65,94.16,401.42,0.0,0.0,0.0,134.91,136.07
2009-05-10 00:00:00+00:00,5214.58,2607.15,2585.34,283.79,139.26,518.34,0.0,0.0,0.0,117.85,130.04
2009-05-17 00:00:00+00:00,5138.83,3448.8,2097.88,212.35,115.86,639.32,0.0,0.0,0.0,150.23,148.17
2009-05-24 00:00:00+00:00,5129.48,3465.08,2014.56,124.75,89.99,637.21,0.0,0.0,0.0,130.76,150.71
2009-05-31 00:00:00+00:00,5429.88,2250.21,2386.36,104.0,74.72,523.7,0.0,0.0,0.0,124.57,128.97
2009-06-07 00:00:00+00:00,5591.81,2496.41,2533.01,58.83,60.39,461.15,0.0,0.0,0.0,124.33,132.28
2009-06-14 00:00:00+00:00,5383.0,2721.26,2544.1,37.76,50.85,532.48,0.0,0.0,0.0,133.3,135.44
2009-06-21 00:00:00+00:00,5057.16,2816.13,2786.2,151.03,49.49,261.1,0.0,0.0,0.0,128.56,136.0
2009-06-28 00:00:00+00:00,4688.46,3303.14,2848.75,79.21,44.25,291.17,0.0,0.0,0.0,144.54,143.35
2009-07-05 00:00:00+00:00,5027.38,3295.71,2805.69,39.02,47.41,235.39,0.0,0.0,0.0,135.34,144.26
2009-07-12 00:00:00+00:00,5307.08,2664.95,2602.26,81.88,49.34,374.68,0.0,0.0,0.0,130.56,134.93
2009-07-19 00:00:00+00:00,5447.53,2397.38,2770.1,77.83,59.84,382.82,0.0,0.0,0.0,136.81,127.95
2009-07-26 00:00:00+00:00,5676.39,2077.96,2598.75,125.9,58.45,388.48,0.0,0.0,0.0,131.94,124.02
2009-08-02 00:00:00+00:00,5577.74,1942.23,2480.9,195.05,74.23,495.07,0.0,0.0,0.0,137.21,121.93
2009-08-09 00:00:00+00:00,5832.27,1991.7,2628.79,113.57,87.59,255.01,0.0,0.0,0.0,132.06,123.96
2009-08-16 00:00:00+00:00,5836.65,2059.55,2443.42,151.67,96.56,490.65,0.0,0.0,0.0,129.39,124.35
2009-08-23 00:00:00+00:00,5644.1,2440.7,2535.82,187.99,149.66,183.62,0.0,0.0,0.0,139.89,130.77
2009-08-30 00:00:00+00:00,5734.47,2186.56,2691.39,217.82,168.32,100.1,0.0,0.0,0.0,151.11,124.54
2009-09-06 00:00:00+00:00,5522.5,2008.69,2918.44,190.79,162.14,189.88,0.0,0.0,0.0,151.08,118.87
2009-09-13 00:00:00+00:00,6058.38,2345.13,2663.28,137.34,181.09,115.1,0.0,0.0,0.0,163.39,128.38
2009-09-20 00:00:00+00:00,6345.47,2624.04,2302.94,62.66,147.97,56.45,0.0,0.0,0.0,130.8,138.93
2009-09-27 00:00:00+00:00,6377.79,2948.95,1821.14,302.84,159.54,5.36,0.0,0.0,0.0,148.07,147.3
2009-10-04 00:00:00+00:00,6139.03,3233.76,1905.75,200.21,156.02,5.88,0.0,0.0,0.0,145.93,151.82
2009-10-11 00:00:00+00:00,6179.54,3620.38,1970.03,164.74,157.14,74.88,0.0,0.0,0.0,138.46,155.35
2009-10-18 00:00:00+00:00,6495.32,3937.43,2008.44,48.9,119.13,6.36,0.0,0.0,0.0,125.94,161.32
2009-10-25 00:00:00+00:00,6010.31,4209.89,2147.07,208.16,123.28,7.46,0.0,0.0,0.0,127.94,161.78
2009-11-01 00:00:00+00:00,5932.12,3361.68,2608.81,169.26,190.03,49.53,0.0,0.0,0.0,128.8,145.15
2009-11-08 00:00:00+00:00,6557.67,3701.58,2541.41,120.31,184.84,8.0,0.0,0.0,0.0,140.97,149.53
2009-11-15 00:00:00+00:00,6489.89,4074.6,2425.43,159.29,160.61,222.07,0.0,0.0,0.0,144.72,152.45
2009-11-22 00:00:00+00:00,6530.99,3164.51,2501.37,298.39,216.26,179.5,0.0,0.0,0.0,145.49,139.1
2009-11-29 00:00:00+00:00,6987.77,3496.49,2307.61,281.37,255.47,106.58,0.0,0.0,0.0,134.39,145.71
2009-12-06 00:00:00+00:00,7335.18,4014.41,2414.64,202.93,203.32,58.39,0.0,0.0,0.0,140.23,151.59
2009-12-13 00:00:00+00:00,7086.55,4492.27,2374.38,108.08,183.33,72.11,0.0,0.0,0.0,141.54,160.14
2009-12-20 00:00:00+00:00,7319.67,5423.33,2391.16,148.22,147.64,2.3,0.0,0.0,0.0,157.41,170.13
2009-12-27 00:00:00+00:00,6471.42,4364.26,2541.32,52.01,95.6,304.96,0.0,0.0,0.0,134.02,156.7
2010-01-03 00:00:00+00:00,6198.57,3848.35,2660.42,165.21,69.75,371.41,0.0,0.0,0.0,135.71,150.14
2010-01-10 00:00:00+00:00,6355.61,6973.52,2610.39,132.51,62.22,6.52,0.0,0.0,0.0,162.26,186.01
2010-01-17 00:00:00+00:00,6754.33,5809.24,2673.37,315.45,79.53,66.71,0.0,0.0,0.0,139.89,169.95
2010-01-24 00:00:00+00:00,6856.02,4811.31,2784.7,179.62,110.06,33.96,0.0,0.0,0.0,132.24,160.84
2010-01-31 00:00:00+00:00,6374.91,5890.73,2711.12,202.9,104.7,8.51,0.0,0.0,0.0,142.64,173.91
2010-02-07 00:00:00+00:00,6379.29,5739.84,2537.3,119.16,83.16,83.11,0.0,0.0,0.0,130.57,174.38
2010-02-14 00:00:00+00:00,6791.4,5917.68,2596.38,46.92,64.13,1.09,0.0,0.0,0.0,131.76,176.8
2010-02-21 00:00:00+00:00,6747.56,5566.33,2551.95,32.71,53.59,29.7,0.0,0.0,0.0,135.3,173.8
2010-02-28 00:00:00+00:00,6867.83,4378.72,2645.71,188.13,50.49,257.79,0.0,0.0,0.0,134.34,155.41
2010-03-07 00:00:00+00:00,7368.55,4177.8,2748.15,59.0,41.54,57.42,0.0,0.0,0.0,126.61,155.54
2010-03-14 00:00:00+00:00,6971.79,4504.61,2887.59,116.03,34.74,0.0,0.0,0.0,0.0,114.62,158.28
2010-03-21 00:00:00+00:00,6808.41,3167.65,2673.38,229.61,132.48,199.33,0.0,0.0,0.0,134.49,139.82
2010-03-28 00:00:00+00:00,6838.28,2846.85,2548.6,224.38,110.07,273.46,0.0,0.0,0.0,120.12,136.48
2010-04-04 00:00:00+00:00,6582.54,3158.61,2425.24,215.48,87.86,210.65,0.0,0.0,0.0,121.48,143.79
2010-04-11 00:00:00+00:00,6287.97,2735.21,2341.37,162.74,134.75,217.6,0.0,0.0,0.0,115.93,139.1
2010-04-18 00:00:00+00:00,6429.46,3209.26,2215.64,94.96,88.78,140.56,0.0,0.0,0.0,112.97,148.79
2010-04-25 00:00:00+00:00,6493.46,3185.58,2127.0,126.25,77.22,152.72,0.0,0.0,0.0,131.73,148.58
2010-05-02 00:00:00+00:00,6422.44,2543.59,2139.64,144.02,83.38,283.82,0.0,0.0,0.0,113.71,138.3
2010-05-09 00:00:00+00:00,6531.72,3044.22,2033.62,88.44,65.52,162.22,0.0,0.0,0.0,125.25,149.23
2010-05-16 00:00:00+00:00,6624.39,3122.09,1790.45,91.32,44.42,303.87,0.0,0.0,0.0,108.67,151.68
2010-05-23 00:00:00+00:00,6536.63,2871.29,1791.28,42.61,49.45,233.84,0.0,0.0,0.0,117.14,149.5
2010-05-30 00:00:00+00:00,6302.16,2414.71,1907.08,73.77,42.03,389.09,0.0,0.0,0.0,115.48,138.68
2010-06-06 00:00:00+00:00,6056.86,2245.89,1938.92,62.64,42.44,474.3,0.0,0.0,0.0,113.46,135.8
2010-06-13 00:00:00+00:00,5961.38,2725.95,1800.37,123.65,38.63,461.04,0.0,0.0,0.0,122.41,143.81
2010-06-20 00:00:00+00:00,5723.62,2760.08,1893.34,61.12,27.83,448.99,0.0,0.0,0.0,113.6,144.85
2010-06-27 00:00:00+00:00,5527.5,2853.07,1973.06,82.1,26.73,482.59,0.0,0.0,0.0,103.5,144.93
2010-07-04 00:00:00+00:00,5586.01,2871.68,1947.51,233.19,33.59,332.82,0.0,0.0,0.0,101.49,144.77
2010-07-11 00:00:00+00:00,5122.89,3388.35,1849.34,252.22,51.49,377.86,0.0,0.0,0.0,128.56,154.59
2010-07-18 00:00:00+00:00,5137.95,3074.85,1911.9,191.1,100.83,501.58,0.0,0.0,0.0,111.79,147.72
2010-07-25 00:00:00+00:00,5673.14,2933.55,1927.13,70.63,92.74,380.71,0.0,0.0,0.0,96.89,147.2
2010-08-01 00:00:00+00:00,5904.45,2408.98,1773.37,92.23,65.0,615.29,0.0,0.0,0.0,107.19,138.55
2010-08-08 00:00:00+00:00,5570.22,2609.8,1757.07,55.74,52.22,651.49,0.0,0.0,0.0,99.14,143.18
2010-08-15 00:00:00+00:00,5522.64,2604.67,1859.6,96.76,64.73,657.82,0.0,0.0,0.0,113.11,140.66
2010-08-22 00:00:00+00:00,5771.97,2179.29,2057.97,169.09,66.85,622.18,0.0,0.0,0.0,99.61,130.5
2010-08-29 00:00:00+00:00,5763.07,2327.51,1943.12,192.82,84.82,505.77,0.0,0.0,0.0,114.17,134.37
2010-09-05 00:00:00+00:00,5624.96,2701.01,2040.37,116.8,59.74,277.24,0.0,0.0,0.0,105.47,143.5
2010-09-12 00:00:00+00:00,5801.33,2928.44,1840.61,292.88,64.86,292.81,0.0,0.0,0.0,102.46,146.45
2010-09-19 00:00:00+00:00,5752.95,2775.79,1859.68,392.87,137.34,289.44,0.0,0.0,0.0,104.99,141.4
2010-09-26 00:00:00+00:00,5629.26,3535.35,1794.79,244.75,134.32,265.9,0.0,0.0,0.0,109.84,156.64
2010-10-03 00:00:00+00:00,5227.35,4550.76,1712.58,245.35,146.24,212.64,0.0,0.0,0.0,105.09,171.69
2010-10-10 00:00:00+00:00,5337.53,3485.77,2346.55,432.9,135.89,141.05,0.0,0.0,0.0,94.52,146.81
2010-10-17 00:00:00+00:00,5112.49,4328.39,2658.36,124.36,112.19,12.89,0.0,0.0,0.0,100.91,161.31
2010-10-24 00:00:00+00:00,5467.29,4234.31,2656.76,244.88,94.39,0.89,0.0,0.0,0.0,107.53,158.92
2010-10-31 00:00:00+00:00,5289.71,4353.51,2433.37,297.9,126.82,155.28,0.0,0.0,0.0,125.32,159.55
2010-11-07 00:00:00+00:00,5420.19,4008.07,2258.05,280.13,142.59,318.11,0.0,0.0,0.0,111.03,155.29
2010-11-14 00:00:00+00:00,5542.15,4676.4,2216.96,411.84,158.98,347.54,0.0,0.0,0.0,126.83,161.55
2010-11-21 00:00:00+00:00,5853.84,5253.02,2093.6,312.11,165.57,247.51,0.0,0.0,0.0,113.98,171.19
2010-11-28 00:00:00+00:00,6126.49,6045.25,2152.59,195.36,120.66,86.05,0.0,0.0,0.0,132.35,182.14
2010-12-05 00:00:00+00:00,6176.76,6770.97,2335.47,211.21,72.79,131.0,0.0,0.0,0.0,155.28,186.16
2010-12-12 00:00:00+00:00,5709.76,6427.34,2654.87,286.57,74.0,371.79,0.0,0.0,0.0,155.34,177.26
2010-12-19 00:00:00+00:00,6008.28,6739.62,2778.2,232.6,79.18,36.3,0.0,0.0,0.0,127.01,182.31
2010-12-26 00:00:00+00:00,5461.47,6312.01,2720.44,139.45,47.34,501.89,0.0,0.0,0.0,145.6,176.49
2011-01-02 00:00:00+00:00,4518.68,5230.12,2762.2,162.36,43.01,476.25,0.0,0.0,0.0,114.02,168.28
2011-01-09 00:00:00+00:00,5467.05,5496.78,2822.47,338.95,63.42,373.71,0.0,0.0,0.0,121.87,166.52
2011-01-16 00:00:00+00:00,5677.54,4630.58,2679.9,539.02,120.32,422.03,0.0,0.0,0.0,120.88,153.93
2011-01-23 00:00:00+00:00,5848.18,5368.65,2838.68,184.14,156.42,277.43,0.0,0.0,0.0,125.39,165.77
2011-01-30 00:00:00+00:00,5599.22,6151.66,2775.9,237.16,66.73,142.22,0.0,0.0,0.0,116.7,177.04
2011-02-06 00:00:00+00:00,5541.72,5337.28,2508.34,580.08,169.93,242.72,0.0,0.0,0.0,127.49,164.94
2011-02-13 00:00:00+00:00,5124.88,4831.02,2965.69,333.41,190.47,347.62,0.0,0.0,0.0,128.56,156.62
2011-02-20 00:00:00+00:00,5049.51,5447.98,2920.25,331.33,155.24,181.78,0.0,0.0,0.0,128.01,166.8
2011-02-27 00:00:00+00:00,4900.46,5161.19,2877.98,437.52,131.2,180.97,0.0,0.0,0.0,122.04,163.1
2011-03-06 00:00:00+00:00,5109.39,5797.98,2888.19,174.8,108.1,164.67,0.0,0.0,0.0,134.11,173.4
2011-03-13 00:00:00+00:00,4474.43,5267.64,3032.21,566.83,85.49,204.71,0.0,0.0,0.0,103.99,162.61
2011-03-20 00:00:00+00:00,4778.62,5209.5,2908.68,248.92,86.12,224.31,0.0,0.0,0.0,115.13,166.52
2011-03-27 00:00:00+00:00,4557.64,4761.21,2811.26,188.82,144.42,261.44,0.0,0.0,0.0,113.64,162.88
2011-04-03 00:00:00+00:00,4719.83,3921.32,2814.52,475.57,128.59,413.34,0.0,0.0,0.0,102.06,148.12
2011-04-10 00:00:00+00:00,4965.23,3044.02,2770.48,504.95,185.95,418.46,0.0,0.0,0.0,114.53,134.88
2011-04-17 00:00:00+00:00,4909.78,3348.68,2911.77,241.46,147.79,290.04,0.0,0.0,0.0,111.5,141.86
2011-04-24 00:00:00+00:00,5210.48,2365.49,2883.27,116.02,92.27,367.74,0.0,0.0,0.0,100.08,127.75
2011-05-01 00:00:00+00:00,5329.97,1568.13,2823.47,375.34,67.56,373.34,0.0,0.0,0.0,85.89,112.97
2011-05-08 00:00:00+00:00,5686.76,2293.49,2475.93,335.54,54.58,229.4,0.0,0.0,0.0,90.2,129.72
2011-05-15 00:00:00+00:00,4937.35,2805.02,2790.13,484.2,82.89,172.53,0.0,0.0,0.0,91.6,133.39
2011-05-22 00:00:00+00:00,4745.46,3057.66,2775.53,558.99,126.88,132.04,0.0,0.0,0.0,92.49,136.36
2011-05-29 00:00:00+00:00,4716.69,2599.62,2829.98,590.74,176.19,216.31,0.0,0.0,0.0,91.6,126.49
2011-06-05 00:00:00+00:00,4667.24,2543.06,2869.95,304.13,152.72,355.83,0.0,0.0,0.0,110.28,128.67
2011-06-12 00:00:00+00:00,4734.05,3023.01,2772.3,187.66,112.37,360.7,0.0,0.0,0.0,102.06,139.39
2011-06-19 00:00:00+00:00,4758.66,2965.59,2673.44,286.32,93.12,373.77,0.0,0.0,0.0,95.03,138.98
2011-06-26 00:00:00+00:00,4653.34,2958.53,2663.72,245.84,94.72,489.91,0.0,0.0,0.0,99.41,138.87
2011-07-03 00:00:00+00:00,5093.52,2930.91,2347.98,97.65,85.63,461.87,0.0,0.0,0.0,99.3,144.54
2011-07-10 00:00:00+00:00,5393.45,2632.0,2247.26,285.99,91.17,368.29,0.0,0.0,0.0,94.09,138.35
2011-07-17 00:00:00+00:00,5446.3,2402.32,2285.35,289.99,93.14,458.82,0.0,0.0,0.0,103.99,133.82
2011-07-24 00:00:00+00:00,5110.46,2391.62,2503.48,230.76,101.99,537.72,0.0,0.0,0.0,109.61,131.51
2011-07-31 00:00:00+00:00,4930.96,2465.12,2635.1,129.68,75.19,518.23,0.0,0.0,0.0,100.1,132.16
2011-08-07 00:00:00+00:00,4946.8,2572.96,2490.31,215.56,82.23,523.18,0.0,0.0,0.0,115.43,133.97
2011-08-14 00:00:00+00:00,4778.37,2456.52,2418.95,541.8,149.03,591.45,0.0,0.0,0.0,122.19,128.64
2011-08-21 00:00:00+00:00,5276.13,2719.08,2122.08,312.24,140.91,475.06,0.0,0.0,0.0,113.78,140.63
2011-08-28 00:00:00+00:00,4859.34,3333.31,2181.94,294.06,91.33,319.28,0.0,0.0,0.0,97.73,150.26
2011-09-04 00:00:00+00:00,4884.53,2987.2,2328.59,291.5,97.7,317.29,0.0,0.0,0.0,105.68,143.56
2011-09-11 00:00:00+00:00,4738.53,3079.11,2202.56,799.26,153.06,358.81,0.0,0.0,0.0,102.98,139.16
2011-09-18 00:00:00+00:00,5103.85,2816.42,2189.7,577.03,189.23,340.62,0.0,0.0,0.0,118.42,137.6
2011-09-25 00:00:00+00:00,5510.64,2997.3,1937.56,633.03,174.64,204.92,0.0,0.0,0.0,110.43,144.04
2011-10-02 00:00:00+00:00,6184.93,3039.61,1653.31,380.86,159.62,115.76,0.0,0.0,0.0,112.45,150.12
2011-10-09 00:00:00+00:00,5614.58,2799.1,1882.52,861.13,182.83,201.28,0.0,0.0,0.0,99.19,138.25
2011-10-16 00:00:00+00:00,5313.01,3731.64,1911.99,464.86,191.13,194.09,0.0,0.0,0.0,111.62,156.25
2011-10-23 00:00:00+00:00,4744.13,4624.99,1748.83,843.73,194.36,197.04,0.0,0.0,0.0,127.66,166.6
2011-10-30 00:00:00+00:00,4239.9,4678.92,2112.17,713.63,214.9,197.08,0.0,0.0,0.0,118.4,165.1
2011-11-06 00:00:00+00:00,4386.84,4693.18,2186.43,591.58,214.69,383.93,0.0,0.0,0.0,117.33,163.2
2011-11-13 00:00:00+00:00,4314.25,5616.04,2036.25,565.49,146.45,319.58,0.0,0.0,0.0,115.54,177.84
2011-11-20 00:00:00+00:00,4466.08,6109.55,1946.82,541.03,149.66,55.36,0.0,0.0,0.0,120.14,187.21
2011-11-27 00:00:00+00:00,4154.77,5982.63,1965.32,878.67,215.05,111.01,0.0,0.0,0.0,112.98,180.62
2011-12-04 00:00:00+00:00,3892.3,5829.45,2152.63,1024.7,254.41,269.98,0.0,0.0,0.0,133.36,172.97
2011-12-11 00:00:00+00:00,3508.64,6761.69,2237.98,825.02,228.77,445.48,0.0,0.0,0.0,131.79,184.96
2011-12-18 00:00:00+00:00,3696.08,6646.67,2392.98,741.02,219.55,623.39,0.0,0.0,0.0,143.25,181.31
2011-12-25 00:00:00+00:00,3572.81,5588.73,2457.8,933.53,249.71,553.37,0.0,0.0,0.0,119.65,165.46
2012-01-01 00:00:00+00:00,3038.73,4061.5,2408.13,1015.95,273.81,800.9,0.0,0.0,0.0,121.63,145.33
2012-01-08 00:00:00+00:00,3628.24,4859.68,2502.95,1057.36,272.62,861.8,0.0,0.0,0.0,112.67,152.74
2012-01-15 00:00:00+00:00,3588.73,6135.69,2433.86,576.91,261.19,608.39,0.0,0.0,0.0,120.17,176.53
2012-01-22 00:00:00+00:00,3676.92,6073.76,2540.5,898.42,211.31,571.61,0.0,0.0,0.0,81.25,170.82
2012-01-29 00:00:00+00:00,3286.3,6423.21,2784.3,484.28,224.31,642.29,0.0,0.0,0.0,127.99,177.23
2012-02-05 00:00:00+00:00,4374.88,7228.05,2715.89,450.54,184.42,197.46,0.0,43.52,0.0,133.32,188.62
2012-02-12 00:00:00+00:00,4378.49,7867.3,2770.64,315.63,161.86,130.52,0.0,116.21,0.0,148.59,195.39
2012-02-19 00:00:00+00:00,3636.34,6340.79,2920.92,931.17,155.88,187.98,0.0,168.76,0.0,116.97,173.81
2012-02-26 00:00:00+00:00,3068.42,6050.86,2772.08,938.31,236.74,396.22,0.0,172.01,0.0,118.97,171.64
2012-03-04 00:00:00+00:00,2911.8,6267.27,2648.45,556.5,199.94,483.81,0.0,27.25,0.0,135.45,181.54
2012-03-11 00:00:00+00:00,3254.34,6395.2,2157.19,854.06,165.64,435.03,0.0,14.26,0.0,116.47,185.92
2012-03-18 00:00:00+00:00,3201.72,6640.38,2085.5,268.83,149.96,562.76,0.0,14.74,0.0,126.97,196.92
2012-03-25 00:00:00+00:00,3422.74,5972.26,2006.24,396.88,126.18,529.28,0.0,14.58,0.0,110.49,188.98
2012-04-01 00:00:00+00:00,3062.68,5628.31,2045.95,301.52,94.69,617.72,0.0,14.74,0.0,123.19,187.51
2012-04-08 00:00:00+00:00,2758.06,5736.73,2428.14,485.64,75.23,590.5,0.0,14.69,0.0,96.98,182.32
2012-04-15 00:00:00+00:00,2883.2,5239.18,2767.04,332.49,72.1,487.17,0.0,9.57,0.0,92.03,173.78
2012-04-22 00:00:00+00:00,3229.97,5336.81,2880.0,386.06,73.15,440.51,0.0,7.52,0.0,103.18,172.34
2012-04-29 00:00:00+00:00,3065.18,5248.59,2841.27,660.61,66.43,556.87,0.0,14.81,0.0,96.02,166.99
2012-05-06 00:00:00+00:00,3284.98,5120.76,2726.27,408.37,51.86,608.25,0.0,14.75,0.0,98.34,170.06
2012-05-13 00:00:00+00:00,3376.74,4494.7,2625.01,615.86,66.59,410.32,0.0,14.76,0.0,99.25,160.9
2012-05-20 00:00:00+00:00,3792.77,4306.75,2527.03,468.86,101.78,516.98,0.0,14.79,0.0,93.68,160.04
2012-05-27 00:00:00+00:00,3071.82,4232.82,2760.25,335.56,67.34,562.19,0.0,14.14,0.0,103.79,158.56
2012-06-03 00:00:00+00:00,3259.51,4224.49,2665.72,244.26,60.02,552.46,0.0,14.52,0.0,101.65,161.38
2012-06-10 00:00:00+00:00,3130.09,3621.69,2744.84,433.16,59.28,564.61,0.0,14.79,0.0,114.37,149.14
2012-06-17 00:00:00+00:00,3601.21,3797.38,2687.68,503.87,44.93,565.96,0.0,14.76,0.0,109.77,150.33
2012-06-24 00:00:00+00:00,3454.76,4037.52,2648.37,521.64,54.43,337.04,0.0,17.76,0.0,100.04,156.86
2012-07-01 00:00:00+00:00,3433.71,4081.92,2429.72,526.32,73.07,375.48,0.0,45.81,0.0,105.41,159.94
2012-07-08 00:00:00+00:00,3445.93,4124.18,2507.41,308.8,92.72,532.25,0.0,63.29,0.0,123.56,160.55
2012-07-15 00:00:00+00:00,3353.08,4266.71,2396.2,261.1,74.33,533.36,0.0,63.36,0.0,114.82,165.27
2012-07-22 00:00:00+00:00,3251.51,4184.77,2234.99,412.23,64.18,616.68,0.0,61.93,0.0,99.91,164.03
2012-07-29 00:00:00+00:00,3275.07,3731.27,2419.6,356.07,67.0,772.01,0.0,62.6,0.0,91.04,152.91
2012-08-05 00:00:00+00:00,3199.04,3363.85,2666.79,319.71,82.48,890.95,0.0,51.98,0.0,110.8,142.7
2012-08-12 00:00:00+00:00,2925.23,3686.74,2802.96,205.36,73.29,917.72,0.0,78.45,0.0,101.78,147.58
2012-08-19 00:00:00+00:00,2878.14,3908.94,2830.76,574.28,62.53,689.88,0.0,31.59,0.0,113.05,147.87
2012-08-26 00:00:00+00:00,3039.89,4275.0,2718.48,346.15,75.11,379.75,0.0,62.35,0.0,96.11,160.12
2012-09-02 00:00:00+00:00,2643.04,3952.63,2720.29,700.78,107.7,500.56,0.0,39.09,0.0,112.24,149.07
2012-09-09 00:00:00+00:00,2527.18,4426.07,2594.44,570.07,97.3,578.68,0.0,127.29,0.0,90.02,159.9
2012-09-16 00:00:00+00:00,2293.71,4615.64,2360.45,927.5,117.97,631.52,0.0,152.93,0.0,99.55,159.53
2012-09-23 00:00:00+00:00,2516.66,4812.55,2422.16,608.6,136.1,733.88,0.0,142.15,0.0,99.83,164.68
2012-09-30 00:00:00+00:00,1840.7,4905.66,2707.65,1081.52,124.26,870.18,0.0,139.36,0.0,110.14,154.98
2012-10-07 00:00:00+00:00,2335.46,5525.61,2452.87,609.0,142.9,479.94,0.0,171.99,0.0,108.1,176.77
2012-10-14 00:00:00+00:00,2899.05,5793.22,2332.09,406.84,145.01,327.74,0.0,157.15,0.0,108.63,186.31
2012-10-21 00:00:00+00:00,3393.04,5542.36,2183.55,440.28,122.52,303.99,0.0,131.7,0.0,117.47,184.33
2012-10-28 00:00:00+00:00,3389.7,5773.98,2214.5,628.5,109.28,245.51,0.0,145.74,0.0,117.88,183.08
2012-11-04 00:00:00+00:00,3261.59,6115.66,2022.58,737.28,138.4,502.77,0.0,135.57,0.0,130.49,185.32
2012-11-11 00:00:00+00:00,2998.1,6012.44,2209.38,873.91,160.55,516.12,0.0,227.15,0.0,117.69,179.49
2012-11-18 00:00:00+00:00,3276.8,6070.98,2145.22,595.05,178.84,532.54,0.0,171.59,0.0,121.16,184.4
2012-11-25 00:00:00+00:00,3153.2,5892.57,2146.78,1093.2,218.9,551.88,0.0,190.81,0.0,138.38,174.53
2012-12-02 00:00:00+00:00,3742.04,6353.55,2497.19,670.78,147.09,388.25,0.0,196.6,0.0,116.59,181.11
2012-12-09 00:00:00+00:00,3410.78,6472.49,2669.81,1062.79,116.32,354.0,0.0,243.39,0.0,133.05,176.11
2012-12-16 00:00:00+00:00,3984.85,6853.52,2486.89,679.36,120.72,386.17,0.0,192.12,0.0,115.02,184.66
2012-12-23 00:00:00+00:00,3004.74,6148.36,2604.21,1039.89,170.56,538.51,0.0,185.86,0.0,106.21,173.04
2012-12-30 00:00:00+00:00,1597.29,5072.22,2818.74,1229.58,220.91,672.24,0.0,142.03,0.0,101.56,156.93
2013-01-06 00:00:00+00:00,2264.62,5216.28,2804.77,1059.64,240.77,651.01,0.0,197.77,11.56,115.18,158.75
2013-01-13 00:00:00+00:00,3157.01,6330.74,2968.76,492.26,179.38,500.35,0.0,205.96,16.84,96.24,177.27
2013-01-20 00:00:00+00:00,3896.9,6723.42,2957.34,798.82,110.94,349.58,0.0,188.62,13.52,103.89,177.92
2013-01-27 00:00:00+00:00,3955.2,6166.07,2947.43,962.92,112.34,426.07,0.0,241.26,20.22,111.66,169.29
2013-02-03 00:00:00+00:00,2651.46,6009.76,2779.54,1478.67,169.67,535.96,0.0,90.27,31.02,109.71,165.09
2013-02-10 00:00:00+00:00,3637.82,5854.62,2528.06,1111.35,165.8,547.88,0.0,197.09,29.91,121.46,168.42
2013-02-17 00:00:00+00:00,3610.91,6319.77,2565.01,754.41,144.14,501.89,0.0,174.97,38.94,113.82,177.37
2013-02-24 00:00:00+00:00,3893.25,6136.02,2713.11,604.66,126.03,522.91,0.0,197.39,38.49,113.15,176.09
2013-03-03 00:00:00+00:00,4068.28,6619.24,2458.04,383.21,70.06,367.62,0.0,208.74,36.14,112.0,188.68
2013-03-10 00:00:00+00:00,3247.86,6177.7,2241.93,862.0,64.52,644.03,0.0,205.48,37.74,113.05,180.19
2013-03-17 00:00:00+00:00,3773.49,6220.36,2553.63,748.05,52.39,518.04,0.0,165.84,63.23,111.84,178.26
2013-03-24 00:00:00+00:00,3329.13,5911.6,2609.56,1310.21,60.23,565.99,0.0,227.66,36.42,118.54,168.03
2013-03-31 00:00:00+00:00,4235.65,5532.52,2372.31,724.71,35.94,615.81,0.0,253.37,74.16,100.64,171.23
2013-04-07 00:00:00+00:00,3375.08,5550.83,2594.01,673.23,25.98,544.13,0.0,237.21,112.43,89.73,172.24
2013-04-14 00:00:00+00:00,3559.77,5207.14,2363.5,845.49,44.12,588.48,0.0,176.42,70.84,111.74,167.01
2013-04-21 00:00:00+00:00,2450.44,4539.07,2709.31,1197.74,162.75,666.6,0.0,130.58,120.61,116.12,149.05
2013-04-28 00:00:00+00:00,2593.56,4587.08,2683.05,890.94,143.43,644.3,0.0,194.69,113.56,106.25,154.09
2013-05-05 00:00:00+00:00,2534.24,4496.88,2345.56,846.1,153.05,729.37,0.0,263.78,155.26,103.19,156.54
2013-05-12 00:00:00+00:00,2261.32,4254.84,2391.42,932.63,152.38,730.62,0.0,254.34,116.2,100.73,152.15
2013-05-19 00:00:00+00:00,3095.78,4487.83,2109.96,720.73,140.64,745.53,0.0,188.99,108.18,115.12,161.27
2013-05-26 00:00:00+00:00,3255.86,4482.14,1602.58,820.31,83.18,729.05,0.0,248.72,117.01,98.54,168.05
2013-06-02 00:00:00+00:00,3397.46,4275.29,1594.58,565.56,70.14,650.31,0.0,185.23,121.87,103.66,168.76
2013-06-09 00:00:00+00:00,3662.93,4003.14,1815.3,394.93,59.86,569.82,0.0,171.86,171.86,88.01,165.15
2013-06-16 00:00:00+00:00,3399.39,3504.93,2192.36,820.61,56.36,592.05,0.0,235.22,105.73,104.99,146.94
2013-06-23 00:00:00+00:00,4002.44,3074.41,2304.6,635.81,40.7,609.3,0.0,211.75,104.3,95.48,139.67
2013-06-30 00:00:00+00:00,3351.53,3303.2,2394.36,560.81,42.31,871.25,0.0,235.05,133.25,94.12,140.51
2013-07-07 00:00:00+00:00,3027.38,3475.06,2519.84,542.76,51.3,896.58,0.0,207.78,148.05,97.74,142.92
2013-07-14 00:00:00+00:00,3116.4,3529.36,2694.65,254.09,57.74,944.97,0.0,232.52,179.87,91.39,144.92
2013-07-21 00:00:00+00:00,2897.7,3861.28,2694.71,319.1,42.54,949.11,0.0,187.29,166.38,93.5,149.61
2013-07-28 00:00:00+00:00,3174.58,3717.21,2671.16,283.61,44.94,918.39,0.0,65.57,138.14,96.95,148.84
2013-08-04 00:00:00+00:00,2430.28,3721.71,2738.32,730.62,43.18,872.54,0.0,14.55,125.93,105.19,142.88
2013-08-11 00:00:00+00:00,2449.22,3685.24,3014.34,411.36,50.51,849.11,0.0,14.74,126.14,92.6,143.55
2013-08-18 00:00:00+00:00,2058.38,3726.7,3092.6,672.92,57.52,905.99,0.0,26.99,112.02,105.97,137.9
2013-08-25 00:00:00+00:00,2474.77,4184.4,2896.51,352.9,80.64,750.57,0.0,14.67,114.22,115.25,154.47
2013-09-01 00:00:00+00:00,2458.7,4099.61,2537.83,566.72,63.22,717.93,0.0,14.67,134.08,96.57,155.2
2013-09-08 00:00:00+00:00,2204.85,4578.55,2769.94,576.02,72.87,725.42,0.0,14.68,122.57,130.85,157.47
2013-09-15 00:00:00+00:00,2932.51,4421.69,2296.21,713.13,70.59,691.28,0.0,14.73,67.92,109.93,158.7
2013-09-22 00:00:00+00:00,2903.22,4461.16,2231.37,899.81,104.0,711.54,0.0,14.61,83.7,98.93,158.87
2013-09-29 00:00:00+00:00,2978.57,4521.98,2331.46,380.37,104.96,860.56,0.0,14.54,82.55,103.04,164.36
2013-10-06 00:00:00+00:00,2476.65,4478.24,2448.14,896.09,100.28,800.87,0.0,14.58,58.99,105.44,156.7
2013-10-13 00:00:00+00:00,2575.68,4774.38,2398.4,1006.09,115.44,584.21,0.0,14.6,60.07,97.25,161.74
2013-10-20 00:00:00+00:00,2858.32,5088.88,2506.2,698.92,97.82,561.96,0.0,14.67,49.39,104.24,169.34
2013-10-27 00:00:00+00:00,2087.9,4737.34,2642.3,1178.71,167.54,652.36,0.0,14.66,51.72,113.89,154.62
2013-11-03 00:00:00+00:00,2572.56,4667.28,2406.18,1292.0,205.9,766.16,0.0,14.73,57.47,116.69,153.26
2013-11-10 00:00:00+00:00,3442.15,5036.51,2426.86,881.57,195.65,789.12,0.0,14.75,50.84,112.89,162.2
2013-11-17 00:00:00+00:00,3225.1,4839.5,2577.95,1109.55,200.73,872.25,0.0,57.1,45.29,105.75,154.53
2013-11-24 00:00:00+00:00,3668.48,5339.68,2480.09,929.59,137.8,735.78,0.0,179.23,43.39,107.56,164.39
2013-12-01 00:00:00+00:00,3878.41,5204.68,2680.72,852.66,118.66,573.8,0.0,268.48,29.14,117.51,162.63
2013-12-08 00:00:00+00:00,3699.16,5455.3,2650.66,1176.45,153.53,371.04,0.0,227.82,25.82,110.95,164.09
2013-12-15 00:00:00+00:00,3608.2,5090.58,2693.39,1393.67,224.42,336.61,0.0,277.26,21.84,126.15,155.17
2013-12-22 00:00:00+00:00,2601.21,4861.74,2666.76,1726.92,255.11,785.43,0.0,253.51,31.13,130.09,145.18
2013-12-29 00:00:00+00:00,1545.97,4439.66,2842.11,1455.98,260.62,942.29,0.0,162.13,39.98,128.4,140.71
2014-01-05 00:00:00+00:00,1713.44,4537.51,2757.23,1627.76,274.84,970.96,0.0,282.51,20.97,141.73,139.95
2014-01-12 00:00:00+00:00,2526.6,5386.4,2482.51,1415.68,272.25,960.41,0.0,172.71,41.58,141.08,156.89
2014-01-19 00:00:00+00:00,3083.14,5541.0,2457.94,987.58,201.33,966.42,0.0,240.55,40.55,113.4,164.3
2014-01-26 00:00:00+00:00,2982.03,5351.99,2616.2,1184.82,226.77,900.18,0.0,277.71,38.84,115.44,157.87
2014-02-02 00:00:00+00:00,2985.61,5094.59,2559.28,1508.32,235.78,947.45,0.0,223.78,39.93,130.16,150.72
2014-02-09 00:00:00+00:00,2668.31,5000.57,2506.52,1726.39,230.08,953.06,0.0,233.3,53.79,123.13,148.42
2014-02-16 00:00:00+00:00,3001.65,5358.54,2324.67,1479.71,229.04,950.37,0.0,185.07,66.79,115.48,157.82
2014-02-23 00:00:00+00:00,2517.66,5081.04,2367.26,1435.58,250.51,976.06,0.0,252.57,70.39,118.74,153.21
2014-03-02 00:00:00+00:00,2950.86,4940.57,2308.59,1241.12,284.87,976.07,0.0,189.28,93.28,113.8,154.5
2014-03-09 00:00:00+00:00,2895.52,5002.81,2240.5,1009.44,240.22,971.16,0.0,259.04,115.69,127.46,158.62
2014-03-16 00:00:00+00:00,3242.13,4757.19,2074.51,880.68,236.36,762.87,0.0,315.72,144.82,115.01,160.32
2014-03-23 00:00:00+00:00,2619.69,4624.09,2070.65,1461.14,252.43,658.94,0.0,296.9,147.59,121.3,154.1
2014-03-30 00:00:00+00:00,2916.9,5044.83,2477.22,843.01,217.85,637.97,0.0,305.64,147.44,107.26,162.63
2014-04-06 00:00:00+00:00,2651.62,4724.35,2290.53,737.21,178.4,842.38,0.0,298.66,108.74,101.94,160.62
2014-04-13 00:00:00+00:00,2142.23,4295.0,2378.12,1067.01,205.8,952.07,0.0,300.42,195.82,97.47,147.42
2014-04-20 00:00:00+00:00,1981.69,4034.05,2553.33,808.57,171.47,956.69,0.0,335.42,248.37,100.54,144.74
2014-04-27 00:00:00+00:00,2229.93,4099.72,2636.89,677.75,138.45,941.73,0.0,309.74,166.44,97.13,147.51
2014-05-04 00:00:00+00:00,3407.69,3667.8,2390.52,363.4,118.85,957.62,0.0,345.15,199.66,93.95,147.39
2014-05-11 00:00:00+00:00,2606.45,3288.95,2369.01,1070.28,100.19,947.48,0.0,312.99,216.46,100.29,132.77
2014-05-18 00:00:00+00:00,3601.87,3096.81,2329.8,427.14,99.59,831.68,0.0,304.84,293.19,96.7,136.3
2014-05-25 00:00:00+00:00,3031.65,3337.75,2473.36,588.79,104.26,851.97,0.0,234.02,215.48,106.2,138.42
2014-06-01 00:00:00+00:00,3160.92,3196.88,2595.2,343.58,64.49,969.29,0.0,224.22,159.49,93.41,138.88
2014-06-08 00:00:00+00:00,3703.3,2372.2,2777.44,579.6,68.59,859.63,0.0,283.19,239.14,98.28,118.92
2014-06-15 00:00:00+00:00,4515.11,1953.27,2598.43,358.44,81.77,796.78,0.0,284.31,267.48,112.79,117.54
2014-06-22 00:00:00+00:00,3864.28,2396.33,2559.7,429.52,58.72,820.14,0.0,299.36,279.97,86.03,124.35
2014-06-29 00:00:00+00:00,4231.74,2109.26,2629.68,352.31,56.32,798.97,0.0,329.38,247.18,100.61,119.48
2014-07-06 00:00:00+00:00,4073.07,2119.86,2329.52,652.46,43.71,900.75,0.0,273.97,272.99,101.71,119.23
2014-07-13 00:00:00+00:00,4594.19,1814.76,2180.39,527.55,37.34,989.02,0.0,303.83,253.76,100.96,117.03
2014-07-20 00:00:00+00:00,4457.08,1758.24,2411.94,617.66,33.45,971.15,0.0,306.38,250.82,95.32,112.37
2014-07-27 00:00:00+00:00,4481.76,1663.13,2685.01,382.63,34.55,969.75,0.0,316.91,305.02,92.77,109.4
2014-08-03 00:00:00+00:00,3883.87,1605.36,2751.61,638.99,44.62,971.93,0.0,308.64,253.91,82.4,103.94
2014-08-10 00:00:00+00:00,4263.39,1453.2,2572.45,639.84,70.22,973.11,0.0,250.64,240.18,85.62,103.4
2014-08-17 00:00:00+00:00,3720.68,1585.64,2097.82,1316.91,149.53,948.08,0.0,237.47,237.15,95.75,102.05
2014-08-24 00:00:00+00:00,3952.78,2130.33,2067.9,769.82,125.22,971.17,0.0,299.85,230.42,83.38,120.15
2014-08-31 00:00:00+00:00,3447.34,2340.93,1899.47,1239.92,104.54,932.84,0.0,315.5,179.83,86.69,120.89
2014-09-07 00:00:00+00:00,3761.51,3439.44,2147.95,303.25,104.56,907.97,0.0,209.32,179.94,92.02,148.69
2014-09-14 00:00:00+00:00,3330.86,3500.12,2141.55,316.66,90.26,984.24,0.0,328.83,219.28,84.27,148.06
2014-09-21 00:00:00+00:00,3673.48,4052.54,2003.93,367.35,68.48,592.61,0.0,239.9,143.73,93.6,159.57
2014-09-28 00:00:00+00:00,3545.12,3508.86,1932.41,843.26,37.24,786.52,0.0,307.44,183.12,97.62,146.38
2014-10-05 00:00:00+00:00,3231.32,3686.06,2039.98,822.12,66.4,828.1,0.0,317.62,162.44,98.67,148.82
2014-10-12 00:00:00+00:00,3697.94,3844.58,2002.81,959.15,104.34,734.16,0.0,247.53,140.46,98.92,150.55
2014-10-19 00:00:00+00:00,3801.57,3626.38,1610.06,1450.96,86.17,678.27,0.0,310.12,88.24,114.55,146.29
2014-10-26 00:00:00+00:00,3204.41,3727.48,1524.51,1840.26,177.98,742.97,0.0,341.06,92.91,120.0,142.28
2014-11-02 00:00:00+00:00,3397.22,3454.46,1558.2,1480.72,246.61,888.88,0.0,330.88,99.83,125.15,139.55
2014-11-09 00:00:00+00:00,3471.64,4231.39,1843.53,1174.73,242.02,940.62,0.0,331.52,89.69,115.7,151.13
2014-11-16 00:00:00+00:00,3633.49,4279.64,1628.19,1310.62,217.29,950.42,0.0,326.89,55.64,117.18,154.06
2014-11-23 00:00:00+00:00,3868.47,4715.81,1680.0,948.87,182.84,1007.19,0.0,334.69,42.59,119.97,163.01
2014-11-30 00:00:00+00:00,4140.25,4654.47,2053.28,673.5,151.94,1010.12,0.0,349.85,50.7,118.86,160.67
2014-12-07 00:00:00+00:00,4018.32,4537.82,2398.73,1188.77,115.74,918.79,0.0,247.9,56.66,120.54,150.03
2014-12-14 00:00:00+00:00,3180.71,4456.02,2572.78,2117.28,216.51,881.37,0.0,244.79,67.9,128.06,136.99
2014-12-21 00:00:00+00:00,2433.46,4227.65,2649.36,2118.72,238.05,939.3,0.0,345.85,55.79,135.03,129.79
2014-12-28 00:00:00+00:00,1993.16,4013.33,2614.58,1444.78,266.56,951.75,0.0,352.64,62.24,121.84,134.36
2015-01-04 00:00:00+00:00,2516.75,4110.38,2669.72,1525.72,207.85,773.18,0.0,308.19,70.62,107.95,137.39
2015-01-11 00:00:00+00:00,2581.83,4221.05,2687.69,2126.33,277.88,843.46,0.0,355.12,58.65,118.18,130.57
2015-01-18 00:00:00+00:00,2656.93,4638.04,2886.45,1992.9,256.96,837.15,0.0,192.03,88.08,120.57,136.53
2015-01-25 00:00:00+00:00,4115.65,4580.51,2905.56,1110.73,192.83,809.25,0.0,289.75,93.82,115.74,144.8
2015-02-01 00:00:00+00:00,2720.7,4733.88,2674.06,1993.63,240.28,965.6,0.0,317.48,88.78,124.3,138.63
2015-02-08 00:00:00+00:00,4326.82,4682.15,2795.5,852.83,171.55,803.65,0.0,347.82,128.31,104.73,150.43
2015-02-15 00:00:00+00:00,3718.81,4788.55,2845.63,820.6,165.85,894.03,0.0,358.5,74.15,104.55,152.1
2015-02-22 00:00:00+00:00,2816.22,4644.01,2661.4,1479.88,233.44,861.85,0.0,332.12,140.05,122.66,144.95
2015-03-01 00:00:00+00:00,2408.08,4179.63,2616.51,2112.58,215.69,913.48,0.0,358.92,176.36,112.0,130.63
2015-03-08 00:00:00+00:00,2281.98,4159.0,2505.91,2011.9,236.3,976.39,0.0,348.83,261.46,123.26,130.46
2015-03-15 00:00:00+00:00,2636.44,4739.85,2464.92,1161.22,252.95,1001.53,0.0,318.47,187.76,102.82,150.03
2015-03-22 00:00:00+00:00,3644.13,4618.54,2362.42,585.33,133.01,971.97,0.0,282.98,241.81,98.13,155.92
2015-03-29 00:00:00+00:00,3347.48,4198.98,2245.5,1261.6,162.65,618.07,0.0,340.14,274.81,89.89,146.82
2015-04-05 00:00:00+00:00,2573.72,4039.36,2319.6,1331.09,201.85,773.24,0.0,369.45,298.29,92.59,142.16
2015-04-12 00:00:00+00:00,2519.95,3289.37,2471.15,857.53,164.54,990.11,0.0,312.36,497.69,97.05,129.07
2015-04-19 00:00:00+00:00,2831.7,3249.81,2334.32,911.9,161.31,999.62,0.0,345.57,492.72,98.51,130.22
2015-04-26 00:00:00+00:00,3003.93,3118.2,2576.2,559.49,120.19,1019.02,0.0,321.52,505.87,86.41,129.97
2015-05-03 00:00:00+00:00,2929.22,2672.2,2463.59,1291.04,109.89,997.32,0.0,355.89,435.58,96.54,115.46
2015-05-10 00:00:00+00:00,2949.94,2524.78,2296.39,1337.28,154.73,973.68,0.0,272.06,403.26,103.01,114.11
2015-05-17 00:00:00+00:00,2884.53,2302.53,2486.01,1326.71,166.95,844.61,0.0,310.92,496.82,107.38,106.22
2015-05-24 00:00:00+00:00,3110.08,2346.49,2480.41,1093.54,156.1,841.48,0.0,334.47,452.62,98.45,111.53
2015-05-31 00:00:00+00:00,2899.14,1897.95,2489.89,1197.72,151.72,900.32,0.0,337.34,461.97,106.95,101.77
2015-06-07 00:00:00+00:00,2884.19,1955.71,2306.14,1488.64,172.64,903.54,0.0,302.49,551.39,96.06,100.96
2015-06-14 00:00:00+00:00,3663.57,2006.88,2492.48,597.35,133.52,951.96,0.0,365.15,460.57,87.72,112.9
2015-06-21 00:00:00+00:00,3276.63,2044.36,2417.0,841.7,97.77,989.6,0.0,343.73,480.85,92.18,110.6
2015-06-28 00:00:00+00:00,3386.12,2157.52,2430.98,719.7,102.14,979.94,0.0,311.77,466.62,98.19,113.29
2015-07-05 00:00:00+00:00,3351.1,2274.75,2522.79,787.09,93.87,968.1,0.0,173.66,549.39,96.37,113.85
2015-07-12 00:00:00+00:00,3320.25,1755.5,2513.18,1047.65,126.49,946.05,0.0,132.1,491.4,96.41,101.45
2015-07-19 00:00:00+00:00,3245.27,2137.92,2416.73,949.1,147.62,957.35,0.0,119.0,429.16,95.77,111.11
2015-07-26 00:00:00+00:00,3274.86,1943.8,2365.85,901.42,145.38,976.42,0.0,350.8,350.54,82.72,109.81
2015-08-02 00:00:00+00:00,2926.11,1858.95,2311.58,845.6,127.31,990.62,0.0,562.2,457.71,84.77,107.29
2015-08-09 00:00:00+00:00,3099.62,1758.73,2235.82,1089.7,119.95,914.26,0.0,441.86,453.93,98.34,104.21
2015-08-16 00:00:00+00:00,3626.3,2078.25,2252.91,523.85,113.42,993.71,0.0,493.66,342.24,99.73,118.08
2015-08-23 00:00:00+00:00,3579.86,1827.12,2188.5,959.92,83.36,985.63,0.0,536.72,336.67,85.28,108.56
2015-08-30 00:00:00+00:00,3128.0,1568.51,2508.61,1157.52,72.76,984.64,0.0,559.88,328.93,85.24,97.21
2015-09-06 00:00:00+00:00,3662.13,1617.37,2342.29,902.19,83.31,979.57,0.0,494.82,329.47,102.08,104.09
2015-09-13 00:00:00+00:00,3408.13,1934.77,2404.76,978.61,63.5,963.29,0.0,551.47,385.54,91.56,108.08
2015-09-20 00:00:00+00:00,4018.21,2232.47,2406.82,529.92,44.77,856.3,0.0,565.31,322.31,103.13,119.78
2015-09-27 00:00:00+00:00,3896.18,1970.5,2240.89,833.12,34.54,1019.48,0.0,510.36,361.4,102.6,113.48
2015-10-04 00:00:00+00:00,3717.66,2246.07,2503.98,515.94,36.61,1017.83,0.0,593.43,420.35,105.53,118.13
2015-10-11 00:00:00+00:00,3443.48,2818.03,2635.26,773.13,50.59,697.13,0.0,652.12,220.61,103.74,128.14
2015-10-18 00:00:00+00:00,3605.14,3078.86,2710.97,676.04,43.19,676.05,0.0,709.91,192.21,93.1,132.92
2015-10-25 00:00:00+00:00,3380.12,2975.43,2679.2,1188.39,67.58,730.05,0.0,527.57,157.54,115.88,124.51
2015-11-01 00:00:00+00:00,3659.49,2949.54,2408.83,1079.12,91.99,828.27,0.0,641.13,147.72,110.38,127.61
2015-11-08 00:00:00+00:00,3912.72,2730.5,2504.89,963.04,107.14,872.45,0.0,758.18,53.73,114.94,124.32
2015-11-15 00:00:00+00:00,3213.5,1949.97,2495.45,2164.06,216.36,819.36,0.0,684.78,86.86,110.74,96.85
2015-11-22 00:00:00+00:00,3374.19,2631.85,2629.14,1843.64,236.29,834.55,0.0,581.49,105.55,118.31,110.18
2015-11-29 00:00:00+00:00,3714.81,2933.61,2703.63,1868.28,223.09,552.75,0.0,691.77,71.15,108.32,116.76
2015-12-06 00:00:00+00:00,3328.48,2714.26,2815.66,1836.46,267.54,738.02,0.0,683.97,57.09,115.55,110.59
2015-12-13 00:00:00+00:00,3491.52,2682.08,2876.29,1765.57,285.78,712.33,0.0,689.67,71.13,103.04,112.09
2015-12-20 00:00:00+00:00,3681.19,2110.65,2570.56,1875.22,263.13,954.03,0.0,665.91,43.53,109.66,101.38
2015-12-27 00:00:00+00:00,2676.76,1417.43,2833.5,2063.35,306.09,927.8,0.0,604.55,62.06,110.39,81.25
2016-01-03 00:00:00+00:00,2762.33,1298.36,2716.63,2050.27,282.46,935.21,0.0,604.21,73.88,106.56,81.13
2016-01-10 00:00:00+00:00,4653.67,2068.67,2457.06,1560.67,243.24,896.36,0.0,693.28,83.47,115.96,108.06
2016-01-17 00:00:00+00:00,5259.22,2455.19,2430.6,1332.98,183.47,1030.83,0.0,694.91,129.83,118.22,116.65
2016-01-24 00:00:00+00:00,5330.62,2626.07,2640.13,1251.5,181.18,637.23,0.0,641.45,112.67,122.06,118.78
2016-01-31 00:00:00+00:00,3693.72,1728.97,2666.55,2117.55,290.8,1006.22,0.0,661.34,111.94,121.35,92.48
2016-02-07 00:00:00+00:00,3662.67,1926.37,2523.55,2098.26,281.62,1059.95,0.0,677.06,143.13,125.39,96.9
2016-02-14 00:00:00+00:00,4590.25,2325.93,2601.95,1369.22,220.95,1056.52,0.0,567.36,213.57,110.61,110.92
2016-02-21 00:00:00+00:00,4190.79,2450.87,2439.11,1615.61,198.85,1051.6,0.0,693.07,244.89,105.38,111.68
2016-02-28 00:00:00+00:00,4942.74,2739.1,2495.84,654.84,197.38,1050.86,0.0,675.39,305.7,117.44,124.82
2016-03-06 00:00:00+00:00,4649.2,2090.98,2396.54,1534.92,180.39,1053.8,0.0,671.5,291.7,110.98,108.36
2016-03-13 00:00:00+00:00,5487.64,2294.06,2229.06,736.74,158.76,1058.4,0.0,672.17,340.12,105.49,120.88
2016-03-20 00:00:00+00:00,5282.84,2112.8,2269.17,686.38,147.1,1058.68,0.0,637.55,348.83,114.37,118.33
2016-03-27 00:00:00+00:00,4246.15,1417.75,2534.92,1266.12,156.56,1003.52,0.0,671.16,354.27,113.91,94.56
2016-04-03 00:00:00+00:00,4585.86,922.61,2612.34,935.4,188.58,1042.54,0.0,682.3,520.79,114.35,89.3
2016-04-10 00:00:00+00:00,4718.66,640.94,2720.22,1075.51,170.84,1042.32,0.0,646.73,481.17,105.47,82.41
2016-04-17 00:00:00+00:00,5129.42,813.72,2392.73,968.06,110.49,1051.65,0.0,652.16,492.75,113.92,91.34
2016-04-24 00:00:00+00:00,5411.73,943.52,1969.91,907.69,77.62,742.95,0.0,666.17,610.85,94.76,100.95
2016-05-01 00:00:00+00:00,5092.17,946.18,2087.25,1362.61,73.61,771.72,0.0,573.94,621.52,114.3,94.96
2016-05-08 00:00:00+00:00,4127.66,485.7,2265.78,1251.68,120.63,983.42,0.0,667.81,756.49,99.99,78.17
2016-05-15 00:00:00+00:00,4669.26,237.89,2251.13,1195.47,72.22,786.1,0.0,684.73,624.33,105.02,74.46
2016-05-22 00:00:00+00:00,4557.69,413.03,2295.86,871.93,77.2,1037.9,0.0,666.4,564.31,96.12,82.26
2016-05-29 00:00:00+00:00,4578.65,441.28,2549.91,630.16,67.67,961.2,0.0,588.32,674.36,83.32,82.15
2016-06-05 00:00:00+00:00,3834.83,547.74,2594.55,1053.21,56.44,919.15,0.0,570.81,513.52,95.62,77.96
2016-06-12 00:00:00+00:00,4918.14,736.56,2407.98,243.65,46.05,1026.59,0.0,547.69,641.82,112.49,95.01
2016-06-19 00:00:00+00:00,4946.33,631.9,2444.72,628.6,36.26,858.73,0.0,465.48,462.75,107.53,89.83
2016-06-26 00:00:00+00:00,4391.96,625.21,2768.2,624.4,40.8,885.72,0.0,466.48,553.63,100.27,84.04
2016-07-03 00:00:00+00:00,4258.67,473.05,2336.82,1166.83,55.71,814.27,0.0,450.09,604.04,96.65,77.99
2016-07-10 00:00:00+00:00,4208.11,411.09,2657.05,1033.08,88.23,720.25,0.0,452.32,580.45,87.39,74.98
2016-07-17 00:00:00+00:00,4126.13,347.59,2801.42,988.96,107.45,821.88,0.0,415.46,605.2,92.9,72.53
2016-07-24 00:00:00+00:00,4811.53,450.79,2717.52,538.41,112.45,913.64,0.0,246.31,707.77,109.9,81.37
2016-07-31 00:00:00+00:00,4637.51,258.85,2659.25,691.47,76.93,897.96,0.0,264.85,542.32,85.71,77.48
2016-08-07 00:00:00+00:00,4142.48,275.32,2435.15,1100.75,82.13,927.78,0.0,252.1,581.67,108.16,71.88
2016-08-14 00:00:00+00:00,3779.7,174.27,2632.08,1251.42,147.45,920.83,0.0,327.86,602.2,104.67,65.33
2016-08-21 00:00:00+00:00,4183.02,228.38,2680.92,966.43,112.15,830.64,0.0,398.86,590.75,105.71,71.12
2016-08-28 00:00:00+00:00,4846.56,290.58,2771.77,615.85,99.24,812.95,0.0,322.97,544.27,111.48,79.39
2016-09-04 00:00:00+00:00,4475.37,142.6,2855.58,948.08,91.68,548.18,0.0,459.25,511.18,92.56,73.14
2016-09-11 00:00:00+00:00,4582.48,244.38,2792.21,1219.67,107.94,610.68,0.0,461.31,433.82,101.81,73.16
2016-09-18 00:00:00+00:00,4729.01,737.45,2569.18,906.54,120.22,668.98,0.0,472.23,438.41,104.89,87.98
2016-09-25 00:00:00+00:00,4811.49,550.64,2583.41,1136.33,121.6,426.58,0.0,441.52,409.3,98.37,83.2
2016-10-02 00:00:00+00:00,4699.76,474.75,2558.34,1380.57,155.38,579.92,0.0,359.5,378.81,119.02,80.74
2016-10-09 00:00:00+00:00,5320.43,714.07,2363.72,1370.7,119.22,335.98,0.0,458.52,394.61,118.1,90.26
2016-10-16 00:00:00+00:00,5845.26,614.87,2548.72,1280.54,79.91,346.06,0.0,459.65,317.21,125.09,90.52
2016-10-23 00:00:00+00:00,5514.74,898.72,2758.13,1239.23,112.44,342.5,0.0,391.18,304.64,112.5,93.41
2016-10-30 00:00:00+00:00,6010.7,1289.97,2596.95,893.33,80.04,465.84,0.0,252.59,157.42,118.38,107.76
2016-11-06 00:00:00+00:00,5497.64,1397.65,2663.15,1359.68,59.46,637.6,0.0,311.93,233.99,100.36,101.95
2016-11-13 00:00:00+00:00,6109.98,1511.58,2761.2,1240.8,100.31,439.22,0.0,560.87,204.55,127.99,106.32
2016-11-20 00:00:00+00:00,5704.15,1167.47,2786.41,1703.98,154.02,416.07,0.0,661.03,130.5,131.79,95.28
2016-11-27 00:00:00+00:00,6168.66,1468.07,2738.65,1271.9,91.35,579.63,0.0,568.22,122.04,122.13,105.4
2016-12-04 00:00:00+00:00,6618.44,1772.94,2716.95,941.67,75.6,472.91,0.0,679.64,198.48,123.22,113.95
2016-12-11 00:00:00+00:00,6105.25,1365.57,2623.54,1637.68,103.26,397.27,0.0,657.26,83.54,128.46,101.56
2016-12-18 00:00:00+00:00,6664.5,1477.3,2717.5,1034.52,103.3,305.05,0.0,654.69,67.68,110.61,109.57
2016-12-25 00:00:00+00:00,4662.56,1212.59,2791.6,2358.1,224.65,409.79,0.0,682.9,83.7,114.74,86.48
2017-01-01 00:00:00+00:00,4195.01,1130.75,2646.45,1877.63,329.62,559.57,0.0,712.62,142.41,118.08,87.92
2017-01-08 00:00:00+00:00,6051.88,1752.37,2486.7,1437.03,289.7,415.76,0.0,689.38,130.5,119.25,109.18
2017-01-15 00:00:00+00:00,5072.54,2072.21,2360.51,2519.37,280.7,410.33,0.0,703.22,106.42,126.85,105.22
2017-01-22 00:00:00+00:00,6949.94,2441.1,2457.65,607.65,261.02,334.31,0.0,656.14,170.2,127.19,128.11
2017-01-29 00:00:00+00:00,6063.26,2395.82,2629.34,1540.65,153.01,387.82,0.0,716.18,151.59,137.07,118.08
2017-02-05 00:00:00+00:00,4710.19,2360.61,2504.75,1946.26,193.75,557.98,0.0,692.15,130.85,114.52,112.52
2017-02-12 00:00:00+00:00,5372.22,2553.68,2757.13,1612.74,198.56,482.87,0.0,695.48,109.59,113.09,116.78
2017-02-19 00:00:00+00:00,4841.33,1330.16,2837.86,1978.3,169.47,668.96,0.0,699.78,242.38,112.91,92.18
2017-02-26 00:00:00+00:00,4081.93,1050.8,2691.3,2496.27,302.15,720.1,0.0,701.48,200.03,114.58,80.2
2017-03-05 00:00:00+00:00,5357.86,770.22,2659.8,1631.81,284.0,939.97,0.0,696.16,287.14,126.08,84.34
2017-03-12 00:00:00+00:00,5433.17,727.35,2538.86,1207.9,248.61,982.85,0.0,697.49,331.89,113.07,88.07
2017-03-19 00:00:00+00:00,3934.65,775.79,2459.7,2216.6,289.76,953.62,0.0,690.25,332.34,106.73,74.96
2017-03-26 00:00:00+00:00,4552.75,668.71,2395.92,1866.55,314.43,981.47,0.0,640.14,529.08,113.33,77.18
2017-04-02 00:00:00+00:00,4772.0,323.79,2520.4,1295.86,260.05,1035.23,0.0,680.52,479.24,91.04,75.27
2017-04-09 00:00:00+00:00,4722.7,278.09,2341.73,1325.3,86.21,990.58,0.0,530.62,700.66,94.38,75.21
2017-04-16 00:00:00+00:00,4094.54,201.77,2369.15,1883.78,79.92,968.51,0.0,425.91,543.39,93.8,66.02
2017-04-23 00:00:00+00:00,5071.76,63.17,2318.84,1001.24,73.87,975.55,0.0,627.28,618.74,104.15,75.03
2017-04-30 00:00:00+00:00,4716.5,193.79,2330.51,1854.71,61.26,939.36,0.0,587.62,569.77,103.81,70.04
2017-05-07 00:00:00+00:00,4184.64,132.84,2388.14,1716.53,64.6,899.25,0.0,670.58,627.19,89.52,66.96
2017-05-14 00:00:00+00:00,4698.85,197.44,2371.34,1088.25,64.51,957.75,0.0,628.15,682.48,110.64,74.27
2017-05-21 00:00:00+00:00,4368.77,343.44,2597.38,1198.96,56.11,819.87,0.0,693.18,503.64,108.92,73.7
2017-05-28 00:00:00+00:00,3909.4,199.26,2776.98,1137.89,38.84,785.46,0.0,673.13,807.88,101.47,67.07
2017-06-04 00:00:00+00:00,3964.08,159.55,2824.16,881.13,30.14,763.42,0.0,624.96,650.54,83.27,69.44
2017-06-11 00:00:00+00:00,2932.94,102.54,2786.35,2229.6,58.93,931.41,0.0,504.61,592.68,103.7,51.47
2017-06-18 00:00:00+00:00,3710.81,149.34,2786.53,1401.27,89.73,870.11,0.0,352.35,824.81,103.86,61.69
2017-06-25 00:00:00+00:00,4450.82,252.94,2667.56,1414.17,70.7,612.45,0.0,261.02,676.77,100.42,71.19
2017-07-02 00:00:00+00:00,4084.68,346.9,2637.3,1421.28,77.74,708.56,0.0,334.4,524.04,107.8,72.32
2017-07-09 00:00:00+00:00,4562.63,267.03,2407.61,704.32,79.31,993.15,0.0,560.35,744.01,106.14,78.94
2017-07-16 00:00:00+00:00,4313.13,150.11,2306.17,1020.17,77.82,998.9,0.0,683.33,550.45,108.52,74.77
2017-07-23 00:00:00+00:00,3874.65,170.06,2491.99,1393.12,63.19,927.2,0.0,585.74,614.36,104.36,68.14
2017-07-30 00:00:00+00:00,3413.67,154.91,2608.75,1594.16,76.0,893.78,0.0,659.17,532.15,106.18,61.72
2017-08-06 00:00:00+00:00,3184.46,131.28,2598.57,1606.67,94.63,925.14,0.0,680.07,601.53,81.18,59.89
2017-08-13 00:00:00+00:00,3730.68,206.47,2581.35,1088.38,95.44,978.21,0.0,668.88,542.76,85.61,69.45
2017-08-20 00:00:00+00:00,3251.88,182.26,2656.17,1704.86,115.15,894.02,0.0,563.41,638.88,79.52,59.23
2017-08-27 00:00:00+00:00,4116.54,258.97,2702.86,734.16,152.2,993.47,0.0,613.0,544.07,72.74,74.04
2017-09-03 00:00:00+00:00,3771.57,341.32,2800.96,937.48,105.43,977.37,0.0,479.41,545.69,73.52,71.5
2017-09-10 00:00:00+00:00,3544.78,402.34,2783.23,1797.08,135.13,986.12,0.0,272.8,363.06,81.54,65.51
2017-09-17 00:00:00+00:00,4027.91,449.12,2528.51,1996.98,156.37,685.87,0.0,152.22,489.42,91.95,69.82
2017-09-24 00:00:00+00:00,4573.69,632.02,2571.61,1321.86,136.31,528.81,0.0,491.72,426.25,96.52,82.18
2017-10-01 00:00:00+00:00,4563.5,404.91,2400.44,1631.36,144.81,783.38,0.0,427.86,301.92,90.21,76.63
2017-10-08 00:00:00+00:00,3850.92,231.68,2504.8,2597.53,183.15,671.21,0.0,407.34,371.04,119.95,60.69
2017-10-15 00:00:00+00:00,4381.6,374.5,2583.49,2405.84,161.31,606.55,0.0,269.83,242.57,109.85,68.04
2017-10-22 00:00:00+00:00,4720.86,613.33,2357.85,2217.82,183.04,550.23,0.0,246.79,205.98,117.81,76.5
2017-10-29 00:00:00+00:00,5067.16,398.8,2567.36,2104.47,180.72,504.62,0.0,283.07,241.48,108.71,73.79
2017-11-05 00:00:00+00:00,5593.57,665.1,2554.3,1489.13,184.24,630.92,269.87,217.3,232.23,113.81,84.65
2017-11-12 00:00:00+00:00,5477.59,1135.28,2375.64,2244.14,176.16,461.76,442.4,30.3,231.23,114.56,88.53
2017-11-19 00:00:00+00:00,5862.88,1619.22,2407.43,1844.65,187.86,316.76,504.95,32.44,175.59,113.36,101.25
2017-11-26 00:00:00+00:00,4743.19,1672.45,2272.64,2576.2,202.14,479.18,553.38,31.96,165.7,113.22,93.63
2017-12-03 00:00:00+00:00,5415.58,2279.82,2128.7,2563.15,160.72,283.56,666.44,33.64,161.32,109.12,107.37
2017-12-10 00:00:00+00:00,4962.73,2243.85,2147.13,2651.21,193.61,453.61,682.07,29.87,104.1,110.48,104.56
2017-12-17 00:00:00+00:00,5529.65,2269.8,2032.77,2336.32,157.26,624.06,622.79,29.89,126.64,113.23,109.5
2017-12-24 00:00:00+00:00,5512.22,1422.92,2351.78,1845.75,194.26,677.06,453.26,36.45,88.07,109.05,94.79
2017-12-31 00:00:00+00:00,3840.2,533.53,2543.48,2789.69,180.97,968.02,250.03,30.8,119.46,117.54,63.23
2018-01-07 00:00:00+00:00,5261.68,718.28,2357.2,2505.58,145.72,1040.47,235.09,30.46,119.5,95.73,77.68
2018-01-14 00:00:00+00:00,6160.0,1117.65,2492.5,1997.42,101.09,1066.17,232.02,30.03,73.58,103.54,91.05
2018-01-21 00:00:00+00:00,5524.78,551.47,2453.17,2877.0,127.78,1083.02,467.86,21.5,161.76,107.83,72.79
2018-01-28 00:00:00+00:00,4951.54,389.83,2163.78,3064.14,199.63,1029.63,529.86,21.02,149.1,115.53,66.19
2018-02-04 00:00:00+00:00,5484.52,517.04,2240.52,2583.57,212.37,1048.97,556.33,23.01,216.06,124.56,73.81
2018-02-11 00:00:00+00:00,5962.6,885.08,2478.47,2259.23,140.62,897.9,442.71,23.48,240.66,102.46,83.49
2018-02-18 00:00:00+00:00,4964.69,890.27,2602.52,2565.26,161.04,1047.33,454.92,21.17,318.28,109.56,77.08
2018-02-25 00:00:00+00:00,4447.92,1889.74,2608.66,2004.7,148.08,1015.9,469.56,21.17,379.94,113.7,95.91
2018-03-04 00:00:00+00:00,3741.39,3382.71,2369.73,3116.44,141.93,798.98,476.28,21.17,212.93,128.4,113.78
2018-03-11 00:00:00+00:00,5662.2,1597.15,2382.29,1516.59,78.39,865.39,459.84,23.32,308.54,114.56,100.84
2018-03-18 00:00:00+00:00,3664.61,2118.28,2272.0,2964.12,76.39,753.02,479.08,27.55,283.99,114.77,94.01
2018-03-25 00:00:00+00:00,4672.95,1623.99,2570.62,1915.26,96.59,664.26,670.42,41.72,476.03,102.19,92.88
2018-04-01 00:00:00+00:00,5571.94,624.11,2452.39,1453.56,89.27,794.14,672.91,43.38,338.74,119.94,82.39
2018-04-08 00:00:00+00:00,4695.68,203.1,2505.4,2113.89,85.82,830.39,677.15,42.02,416.02,92.38,65.61
2018-04-15 00:00:00+00:00,5711.0,411.36,2277.02,1390.82,113.06,901.88,582.12,39.24,295.36,121.55,81.59
2018-04-22 00:00:00+00:00,3976.4,39.84,2301.26,2080.71,128.86,828.24,582.3,43.31,724.7,106.98,57.62
2018-04-29 00:00:00+00:00,4195.16,209.33,2440.01,2077.28,135.76,821.61,575.98,41.5,456.0,106.6,62.39
2018-05-06 00:00:00+00:00,3955.82,230.6,2447.36,1833.25,123.73,839.61,637.29,31.53,751.74,88.23,60.8
2018-05-13 00:00:00+00:00,3921.38,81.34,2427.82,1178.52,120.66,967.36,660.4,33.91,766.94,82.47,61.76
2018-05-20 00:00:00+00:00,4289.37,107.7,2139.88,1227.5,89.56,842.82,689.06,28.43,929.24,81.7,63.79
2018-05-27 00:00:00+00:00,3862.86,69.72,2109.15,1559.93,69.09,917.42,748.65,39.93,730.14,80.88,60.24
2018-06-03 00:00:00+00:00,4582.54,75.06,2513.44,624.06,64.84,881.85,649.84,42.3,576.43,92.51,69.38
2018-06-10 00:00:00+00:00,4604.95,84.06,2524.88,572.61,45.43,958.05,608.32,41.48,678.12,92.79,70.24
2018-06-17 00:00:00+00:00,3741.08,79.85,2444.4,1677.91,46.09,914.28,423.08,40.16,686.52,97.44,58.17
2018-06-24 00:00:00+00:00,3724.4,108.89,2364.07,1758.1,55.41,679.23,513.3,12.51,848.69,99.28,59.19
2018-07-01 00:00:00+00:00,4410.91,69.42,2465.72,853.18,36.58,762.94,676.17,6.08,1013.4,95.96,66.34
2018-07-08 00:00:00+00:00,4865.85,40.84,2331.05,679.03,34.88,961.4,522.07,8.69,946.41,75.02,70.61
2018-07-15 00:00:00+00:00,4886.85,60.55,2298.67,650.16,42.78,971.08,568.6,17.34,782.9,72.34,73.46
2018-07-22 00:00:00+00:00,4882.84,152.9,2267.93,507.06,37.18,1051.71,579.91,15.17,676.51,83.81,76.76
2018-07-29 00:00:00+00:00,4020.38,24.33,2551.69,1376.54,48.36,822.79,596.46,8.31,684.89,84.22,58.83
2018-08-05 00:00:00+00:00,3807.03,31.57,2661.36,1172.39,55.3,911.62,556.19,18.76,755.05,71.39,59.08
2018-08-12 00:00:00+00:00,3890.07,86.38,2589.64,1123.94,56.26,843.62,719.93,38.18,591.74,76.7,62.65
2018-08-19 00:00:00+00:00,3437.29,40.54,2365.57,1953.62,68.79,933.15,597.69,45.58,452.13,69.27,54.83
2018-08-26 00:00:00+00:00,3591.61,240.93,2471.22,1692.22,93.28,777.94,623.43,46.57,481.55,87.4,61.06
2018-09-02 00:00:00+00:00,3802.35,265.08,2535.73,1222.94,72.79,739.16,663.56,39.64,581.42,65.96,66.22
2018-09-09 00:00:00+00:00,3721.37,593.54,2567.24,1513.97,54.75,554.26,692.35,39.49,473.28,63.77,72.13
2018-09-16 00:00:00+00:00,2868.53,566.33,2424.08,2485.25,134.44,593.99,727.91,37.36,455.69,84.65,59.2
2018-09-23 00:00:00+00:00,2740.06,485.78,2356.63,2880.39,189.05,726.74,647.0,26.25,372.64,89.12,54.22
2018-09-30 00:00:00+00:00,3133.75,850.77,2284.35,1972.65,174.92,931.31,655.83,35.43,627.34,61.49,70.66
2018-10-07 00:00:00+00:00,4021.48,453.15,2063.32,2077.14,199.59,788.01,834.09,40.58,356.04,73.58,69.05
2018-10-14 00:00:00+00:00,3620.41,211.16,1939.22,2749.13,252.56,754.84,664.23,30.5,324.89,95.82,58.63
2018-10-21 00:00:00+00:00,4962.09,647.19,1824.34,1519.33,212.93,723.78,734.16,21.97,330.27,78.89,83.05
2018-10-28 00:00:00+00:00,4046.01,160.0,1896.8,3152.17,163.05,609.88,776.73,20.37,373.37,71.66,57.68
2018-11-04 00:00:00+00:00,5276.61,783.21,1951.32,2186.9,148.95,695.47,792.52,13.48,288.24,81.42,81.48
2018-11-11 00:00:00+00:00,4067.58,598.96,2035.71,3039.18,207.96,799.27,771.23,9.79,180.48,77.22,65.68
2018-11-18 00:00:00+00:00,3766.51,1134.75,2096.43,2845.03,189.05,864.99,555.04,13.15,242.77,79.19,77.54
2018-11-25 00:00:00+00:00,5457.32,1584.58,2069.35,2306.52,156.26,497.72,794.98,12.17,100.03,86.4,97.12
2018-12-02 00:00:00+00:00,4093.04,1041.16,2124.66,3146.76,182.65,696.23,890.2,15.13,92.86,82.35,74.6
2018-12-09 00:00:00+00:00,4563.27,596.83,2257.05,2849.78,201.21,910.63,824.3,20.34,110.19,103.79,67.23
2018-12-16 00:00:00+00:00,5132.05,925.58,2197.5,2927.77,183.69,674.91,776.24,20.57,119.24,80.89,77.52
2018-12-23 00:00:00+00:00,4784.14,703.79,2105.09,2649.34,209.64,965.27,769.75,19.63,112.69,76.46,74.24
2018-12-30 00:00:00+00:00,4798.38,397.86,2301.26,1597.39,183.9,909.87,607.83,22.42,80.25,76.82,73.81
2019-01-06 00:00:00+00:00,6089.34,693.49,2095.96,1457.09,162.09,898.1,600.33,22.42,76.46,92.86,86.45
2019-01-13 00:00:00+00:00,5112.4,609.26,2148.05,3179.66,145.3,768.62,567.67,19.12,108.64,70.65,70.49
2019-01-20 00:00:00+00:00,5855.19,826.66,1793.78,2562.3,175.8,819.25,708.22,23.48,148.2,86.04,84.21
2019-01-27 00:00:00+00:00,6115.4,874.18,2101.37,2419.82,138.17,546.92,696.32,20.81,160.59,105.7,84.36
2019-02-03 00:00:00+00:00,6418.24,906.22,2337.96,1942.33,134.72,1097.93,475.73,16.46,263.42,87.06,87.04
2019-02-10 00:00:00+00:00,4862.47,294.44,2133.58,3238.05,166.62,1256.39,495.9,22.67,195.86,82.05,63.74
2019-02-17 00:00:00+00:00,4395.39,321.06,2151.97,2923.62,172.59,1254.76,611.84,23.55,342.61,87.57,61.64
2019-02-24 00:00:00+00:00,4021.22,188.22,2067.8,2794.56,183.41,1360.52,697.6,24.64,379.01,78.25,59.18
2019-03-03 00:00:00+00:00,5385.68,234.64,2054.75,1562.51,156.34,1274.57,593.11,23.69,371.26,82.67,73.39
2019-03-10 00:00:00+00:00,3797.61,179.02,2009.18,3445.62,190.7,1268.75,571.66,24.0,360.14,71.67,53.23
2019-03-17 00:00:00+00:00,3246.03,206.75,1725.67,4091.86,209.67,1316.19,574.59,18.73,395.88,77.79,48.31
2019-03-24 00:00:00+00:00,4823.24,205.1,1947.4,2023.88,240.96,1238.5,648.61,20.04,406.7,86.03,67.62
2019-03-31 00:00:00+00:00,4726.57,197.39,1914.4,1716.82,175.52,1219.25,814.04,10.19,663.58,73.97,66.95
2019-04-07 00:00:00+00:00,4980.66,162.88,2145.86,2102.35,134.45,930.62,669.16,24.58,475.2,65.5,68.3
2019-04-14 00:00:00+00:00,4970.03,164.38,2098.7,2097.14,100.75,823.74,541.33,22.27,642.14,46.5,68.12
2019-04-21 00:00:00+00:00,4068.19,139.26,2099.86,1892.59,75.45,726.78,591.83,20.79,802.04,53.83,62.44
2019-04-28 00:00:00+00:00,3539.33,90.9,2130.12,2516.66,69.46,812.07,407.31,23.39,589.46,47.23,54.08
2019-05-05 00:00:00+00:00,4737.81,12.64,2154.2,1304.64,61.48,1104.88,679.94,23.22,612.68,46.89,66.11
2019-05-12 00:00:00+00:00,5128.62,4.69,2150.3,1036.02,71.38,1008.64,569.9,16.5,634.7,42.01,70.65
2019-05-19 00:00:00+00:00,4416.19,34.82,2022.84,996.88,51.97,1106.46,756.88,7.79,792.04,34.75,66.23
2019-05-26 00:00:00+00:00,3920.61,0.0,1979.86,1409.56,43.53,1122.1,750.43,2.22,827.21,24.61,58.68
2019-06-02 00:00:00+00:00,3161.66,0.0,1882.71,2026.05,83.61,1069.02,754.66,2.13,630.09,57.24,51.52
2019-06-09 00:00:00+00:00,4202.3,31.05,1553.47,1738.34,142.02,926.55,678.86,5.46,644.51,53.78,63.83
2019-06-16 00:00:00+00:00,4312.1,24.87,1414.72,2090.74,67.25,1063.05,748.53,25.8,463.66,52.97,64.5
2019-06-23 00:00:00+00:00,4656.99,36.35,1466.73,1476.95,69.53,920.09,570.12,35.93,706.78,49.9,71.94
2019-06-30 00:00:00+00:00,4281.52,24.62,1483.35,1839.09,75.43,881.89,615.46,29.23,737.04,75.6,64.29
2019-07-07 00:00:00+00:00,4320.91,0.0,1605.21,1642.52,64.46,922.75,589.82,28.64,823.1,51.65,63.84
2019-07-14 00:00:00+00:00,4942.45,26.05,1659.62,880.87,93.94,1117.5,574.25,30.46,658.77,38.88,73.36
2019-07-21 00:00:00+00:00,4176.17,16.71,1867.94,1468.4,83.8,986.68,639.61,35.74,650.41,33.81,64.05
2019-07-28 00:00:00+00:00,4581.13,7.14,1785.43,1928.36,129.69,623.16,614.95,34.73,678.14,66.68,64.41
2019-08-04 00:00:00+00:00,4415.19,1.87,1837.25,1148.62,110.94,898.5,700.59,31.21,620.04,46.77,66.33
2019-08-11 00:00:00+00:00,2662.0,95.42,2033.04,2573.41,133.22,885.31,629.21,36.72,621.82,61.34,44.8
2019-08-18 00:00:00+00:00,2907.39,127.91,1821.34,2621.02,131.48,893.35,627.31,36.68,575.26,64.34,48.6
2019-08-25 00:00:00+00:00,3168.78,102.88,1916.4,2085.21,169.12,1050.49,534.6,37.13,757.81,50.09,52.98
2019-09-01 00:00:00+00:00,3493.96,102.92,2076.83,2164.74,129.32,483.5,709.32,37.59,653.43,70.76,54.26
2019-09-08 00:00:00+00:00,2723.77,99.8,2095.82,2711.35,205.76,778.62,721.58,38.08,575.61,47.19,45.11
2019-09-15 00:00:00+00:00,3479.17,104.89,2173.91,2177.01,171.33,951.56,595.21,36.26,510.87,45.64,53.9
2019-09-22 00:00:00+00:00,4164.33,94.15,2242.6,1627.2,157.43,825.68,510.47,36.07,618.51,59.74,60.38
2019-09-29 00:00:00+00:00,3624.77,16.59,2152.49,2710.69,142.06,723.48,520.15,35.14,344.91,61.51,51.13
2019-10-06 00:00:00+00:00,4215.04,154.33,2240.63,2526.88,153.9,660.04,518.24,39.5,329.27,70.23,60.37
2019-10-13 00:00:00+00:00,3326.51,125.95,2158.88,3452.49,230.37,735.19,512.36,31.94,257.35,76.37,49.06
2019-10-20 00:00:00+00:00,4762.35,182.98,2164.52,2153.45,209.72,907.91,421.52,37.15,285.82,73.1,66.4
2019-10-27 00:00:00+00:00,4770.03,113.32,2286.84,2561.64,134.49,714.22,608.8,41.28,234.84,60.92,61.95
2019-11-03 00:00:00+00:00,5118.42,158.17,2274.36,2229.89,144.14,828.67,711.91,39.2,216.52,87.78,67.46
2019-11-10 00:00:00+00:00,5166.84,413.93,2266.23,1968.51,127.27,1136.63,813.71,40.53,204.75,65.8,73.72
2019-11-17 00:00:00+00:00,5287.68,570.35,1980.56,2522.32,108.63,987.33,834.38,48.71,153.07,68.75,78.1
2019-11-24 00:00:00+00:00,5359.24,509.71,2274.4,2614.78,54.81,899.25,873.55,50.16,124.26,62.78,74.6
2019-12-01 00:00:00+00:00,4961.66,499.69,2476.51,2013.25,107.96,1228.92,976.19,47.9,134.29,56.75,72.56
2019-12-08 00:00:00+00:00,4223.88,516.78,2449.31,3454.2,164.31,599.83,998.69,52.26,164.62,71.43,62.16
2019-12-15 00:00:00+00:00,3797.41,580.98,2066.06,3858.31,225.26,941.86,892.91,54.68,131.1,76.81,59.87
2019-12-22 00:00:00+00:00,4679.34,542.28,2002.58,2745.03,210.97,1237.49,934.85,48.66,84.09,93.52,69.01
2019-12-29 00:00:00+00:00,2979.57,191.5,2232.57,2973.42,208.06,1220.99,764.93,45.12,98.64,70.21,50.43
2020-01-05 00:00:00+00:00,2949.79,535.38,2310.75,3311.02,222.78,919.26,789.58,44.28,114.38,51.67,55.88
2020-01-12 00:00:00+00:00,3400.92,711.14,2254.34,3746.38,252.01,709.26,747.67,50.12,105.86,55.75,59.59
2020-01-19 00:00:00+00:00,3152.37,710.25,2154.23,3978.62,242.64,1024.8,867.91,46.23,170.3,60.05,57.65
2020-01-26 00:00:00+00:00,5922.63,828.71,2288.79,1868.36,234.96,551.91,844.76,51.46,127.45,77.82,85.72
2020-02-02 00:00:00+00:00,3000.44,374.96,2202.92,4122.5,234.42,1058.94,752.29,51.2,178.75,68.55,49.01
2020-02-09 00:00:00+00:00,3679.91,601.92,2022.95,3473.38,241.97,1110.28,657.92,49.14,262.71,75.8,60.92
2020-02-16 00:00:00+00:00,2856.94,571.93,1915.46,4543.54,228.82,1115.4,669.84,45.55,235.2,64.29,51.4
2020-02-23 00:00:00+00:00,2530.14,435.46,1882.65,4842.02,275.28,1089.98,637.12,44.03,223.73,53.76,45.22
2020-03-01 00:00:00+00:00,3728.74,295.61,1687.44,3986.04,241.53,1226.89,721.45,50.22,343.73,65.07,54.21
2020-03-08 00:00:00+00:00,5045.33,577.43,1609.84,2499.96,221.0,1197.75,648.63,55.47,388.06,82.36,74.69
2020-03-15 00:00:00+00:00,3363.47,36.6,1575.1,4177.4,256.71,1146.88,628.55,57.16,366.7,61.88,45.31
2020-03-22 00:00:00+00:00,4082.41,96.81,1497.02,2965.11,228.01,1184.65,813.19,57.37,506.35,56.65,56.72
2020-03-29 00:00:00+00:00,2989.13,180.51,1458.74,2899.34,198.95,1073.7,796.61,52.91,763.77,53.02,50.81
2020-04-05 00:00:00+00:00,3375.73,192.17,1485.74,2608.26,168.41,1136.09,482.83,57.68,566.17,45.92,57.88
2020-04-12 00:00:00+00:00,3097.24,56.96,1578.89,1779.2,164.22,930.64,624.72,59.46,795.15,32.62,55.29
2020-04-19 00:00:00+00:00,2568.62,0.0,1847.99,1915.85,130.84,1031.21,743.34,51.86,778.17,54.0,45.35
2020-04-26 00:00:00+00:00,2536.32,0.0,1956.86,1929.89,86.37,843.0,730.71,58.35,968.78,38.45,44.6
2020-05-03 00:00:00+00:00,3159.78,0.0,1943.61,1458.78,103.74,1139.71,903.81,55.82,540.31,33.52,53.96
2020-05-10 00:00:00+00:00,2614.69,0.0,1920.29,1402.24,83.68,1107.14,787.57,43.97,844.68,26.65,50.75
2020-05-17 00:00:00+00:00,2458.62,0.0,1905.81,2172.63,81.12,970.73,692.3,44.05,848.66,20.87,44.02
2020-05-24 00:00:00+00:00,2159.14,0.0,1922.1,2550.75,103.3,719.62,596.66,51.5,903.69,73.37,39.26
2020-05-31 00:00:00+00:00,2480.43,0.0,1658.78,1377.05,125.39,1037.07,812.28,56.22,1053.97,26.63,49.53
2020-06-07 00:00:00+00:00,2541.04,0.0,1583.69,2284.47,83.02,874.62,847.87,50.13,692.04,54.89,46.76
2020-06-14 00:00:00+00:00,3578.66,0.0,1455.31,1616.43,85.85,914.34,818.86,50.16,591.33,33.83,60.95
2020-06-21 00:00:00+00:00,4175.94,10.31,1619.76,1214.82,79.89,664.41,675.78,48.43,666.41,39.9,67.15
2020-06-28 00:00:00+00:00,3316.19,0.0,1552.73,2384.86,106.33,391.17,633.81,49.73,890.76,42.37,52.18
2020-07-05 00:00:00+00:00,3162.77,0.0,1688.9,2736.95,173.77,398.64,638.37,53.76,546.62,52.49,49.86
2020-07-12 00:00:00+00:00,3951.85,0.0,1774.17,1616.85,130.91,532.67,769.72,48.03,640.71,29.93,61.67
2020-07-19 00:00:00+00:00,3988.82,0.0,1726.08,1667.8,116.65,477.6,903.85,46.83,616.38,23.12,62.96
2020-07-26 00:00:00+00:00,3917.16,0.0,1749.94,1496.45,113.42,597.78,777.85,50.54,693.47,37.91,62.79
2020-08-02 00:00:00+00:00,3239.4,0.0,1742.44,2255.59,123.59,656.63,590.98,57.87,746.76,37.47,54.62
2020-08-09 00:00:00+00:00,3677.0,0.0,1693.82,1862.91,128.13,673.65,649.93,66.4,687.31,41.69,58.96
2020-08-16 00:00:00+00:00,5097.06,3.44,1627.24,926.15,70.3,918.73,587.35,68.35,524.1,52.98,76.73
2020-08-23 00:00:00+00:00,3613.47,14.47,1083.07,2733.75,64.54,765.79,628.95,67.42,552.0,55.36,57.82
2020-08-30 00:00:00+00:00,3920.89,127.57,1196.86,2579.35,76.79,763.51,350.08,55.42,469.85,54.86,64.34
2020-09-06 00:00:00+00:00,4142.75,86.8,1331.09,2367.29,84.16,612.46,296.46,59.5,543.77,59.21,66.62
2020-09-13 00:00:00+00:00,3785.91,3.49,1493.7,2900.95,124.54,546.98,453.37,67.46,547.79,49.81,57.11
2020-09-20 00:00:00+00:00,4440.94,135.06,1595.06,1669.49,155.9,646.68,578.04,67.89,678.19,56.88,69.51
2020-09-27 00:00:00+00:00,3970.54,78.57,1759.3,2642.59,90.46,574.16,538.92,70.93,484.84,49.21,58.13
2020-10-04 00:00:00+00:00,4421.13,141.09,1973.02,2125.24,113.86,916.49,517.04,71.52,260.13,71.25,65.27
2020-10-11 00:00:00+00:00,3612.21,11.79,1990.72,2946.93,152.97,872.93,615.38,63.73,358.76,54.33,51.69
2020-10-18 00:00:00+00:00,5098.1,94.74,2019.91,1683.86,123.11,898.93,686.16,63.42,256.97,58.42,71.74
2020-10-25 00:00:00+00:00,3217.04,34.33,2110.47,3421.62,205.48,1024.57,540.73,54.2,230.7,71.84,46.04
2020-11-01 00:00:00+00:00,2791.12,37.54,2077.92,4000.8,229.38,1058.24,554.05,57.92,153.55,89.88,40.55
2020-11-08 00:00:00+00:00,4518.84,205.64,2081.22,2051.09,254.9,1233.99,604.87,56.98,292.63,76.01,64.92
2020-11-15 00:00:00+00:00,3422.06,76.14,1930.9,3348.12,191.19,1072.28,596.12,57.89,170.32,83.61,50.27
2020-11-22 00:00:00+00:00,2840.05,87.54,1944.68,3988.5,227.99,984.13,730.63,56.89,128.05,80.7,43.45
2020-11-29 00:00:00+00:00,5340.55,297.88,1958.9,1613.2,262.99,992.51,945.31,62.39,124.43,77.18,76.08
2020-12-06 00:00:00+00:00,5301.58,266.02,2140.03,2406.64,198.18,899.7,964.88,62.3,104.38,82.74,70.32
2020-12-13 00:00:00+00:00,5408.17,488.6,2173.95,2431.85,188.68,762.1,931.16,73.12,75.13,95.42,73.49
2020-12-20 00:00:00+00:00,3153.29,184.21,2081.41,4397.37,244.58,762.56,673.38,53.11,141.58,93.67,43.62
2020-12-27 00:00:00+00:00,3383.04,168.97,2081.16,3417.8,242.43,898.58,678.82,63.98,113.3,72.53,47.86
2021-01-03 00:00:00+00:00,5127.14,199.61,2009.78,1654.72,179.34,1105.63,910.0,73.94,109.54,59.39,70.42
2021-01-10 00:00:00+00:00,5962.02,720.83,1971.72,2185.71,152.45,875.87,734.71,90.46,111.66,102.04,82.97
2021-01-17 00:00:00+00:00,4864.31,681.26,1988.08,2964.13,203.5,899.16,525.52,83.45,104.99,113.04,72.7
2021-01-24 00:00:00+00:00,4686.21,387.09,1837.32,3034.17,170.84,991.62,817.41,77.94,147.81,73.4,63.96
2021-01-31 00:00:00+00:00,4705.86,463.87,1872.43,2804.18,107.23,1219.63,815.31,74.86,140.11,55.51,66.5
2021-02-07 00:00:00+00:00,4240.0,323.09,1743.89,3624.8,78.72,1227.46,664.04,76.22,156.99,64.76,58.01
2021-02-14 00:00:00+00:00,4423.48,454.95,1726.19,4140.65,62.17,1207.71,830.21,66.34,255.08,75.58,62.0
2021-02-21 00:00:00+00:00,2951.58,289.05,1611.61,4225.19,192.15,1150.87,761.15,63.74,202.46,83.42,48.55
2021-02-28 00:00:00+00:00,4193.37,104.21,1440.67,2349.34,234.36,1485.03,830.6,57.35,437.64,49.63,61.63
2021-03-07 00:00:00+00:00,6440.17,403.59,1290.54,802.6,150.42,1543.72,890.5,75.58,299.03,92.62,91.27
2021-03-14 00:00:00+00:00,3298.97,44.82,1384.62,4080.66,155.76,1051.7,880.02,60.45,408.74,62.35,45.35
2021-03-21 00:00:00+00:00,4803.59,100.22,1624.46,2282.67,163.94,1053.3,845.41,68.1,383.38,63.52,63.26
2021-03-28 00:00:00+00:00,2881.24,22.28,1660.53,3910.5,155.96,898.63,944.58,57.24,486.53,43.98,41.72
2021-04-04 00:00:00+00:00,3234.89,0.0,1640.77,2659.98,240.71,1092.44,661.68,63.95,682.0,61.51,46.36
2021-04-11 00:00:00+00:00,3925.92,2.85,1658.33,3089.92,175.06,941.77,684.29,72.28,629.84,69.64,51.13
2021-04-18 00:00:00+00:00,5769.18,257.58,1759.25,680.58,151.79,878.78,666.39,74.87,829.36,101.45,81.14
2021-04-25 00:00:00+00:00,5239.72,84.63,1634.0,1075.43,109.86,759.9,621.59,58.72,969.9,55.93,72.85
2021-05-02 00:00:00+00:00,5356.98,50.42,1578.82,1280.07,86.27,900.34,720.3,69.05,691.67,82.87,72.41
2021-05-09 00:00:00+00:00,3570.88,96.68,1450.08,3092.16,85.97,1013.31,709.09,65.25,615.4,51.15,52.46
2021-05-16 00:00:00+00:00,4645.27,159.4,1382.38,1414.43,114.63,1253.46,751.39,69.26,621.82,58.45,68.5
2021-05-23 00:00:00+00:00,3966.68,61.12,1483.47,2490.5,92.2,1055.56,779.11,58.0,581.62,55.56,56.36
2021-05-30 00:00:00+00:00,4196.81,13.94,1789.9,1261.42,96.96,1203.27,793.25,64.97,797.01,58.99,60.05
2021-06-06 00:00:00+00:00,3461.53,0.0,1860.6,1431.0,65.28,1099.73,728.54,50.26,925.14,45.31,52.62
2021-06-13 00:00:00+00:00,2881.49,0.0,1951.59,1972.14,54.76,1212.66,790.92,53.47,872.17,59.99,47.02
2021-06-20 00:00:00+00:00,3517.65,71.3,1928.16,1578.12,54.72,1268.88,723.1,65.74,690.77,60.43,56.53
2021-06-27 00:00:00+00:00,3689.56,205.0,1509.97,1479.88,50.46,1440.17,716.95,66.52,645.28,53.4,64.41
2021-07-04 00:00:00+00:00,4142.89,209.18,1564.59,1017.84,47.06,1477.12,694.72,87.1,622.55,58.78,69.98
2021-07-11 00:00:00+00:00,3998.87,220.5,1578.2,1149.78,49.74,1434.71,690.4,80.65,626.66,71.87,69.9
2021-07-18 00:00:00+00:00,3670.17,171.08,1654.67,1298.55,44.93,1404.38,698.0,66.46,865.33,51.86,63.48
2021-07-25 00:00:00+00:00,4677.86,244.33,1437.0,580.58,48.66,1486.7,734.37,77.81,821.67,67.79,78.28
2021-08-01 00:00:00+00:00,3698.34,221.54,1204.47,1606.7,45.31,1379.71,783.36,67.29,611.89,43.9,66.17
2021-08-08 00:00:00+00:00,3091.08,224.38,1396.58,2105.34,56.29,1325.77,622.46,59.76,644.37,53.94,58.03
2021-08-15 00:00:00+00:00,3010.5,216.38,1379.86,2168.52,62.96,1392.66,587.96,72.8,658.43,39.59,58.03
2021-08-22 00:00:00+00:00,3892.43,53.61,1426.83,1669.18,63.42,1491.05,627.3,77.1,442.48,67.61,63.24
2021-08-29 00:00:00+00:00,3727.1,92.85,1717.24,1367.3,62.2,1504.42,562.24,76.4,613.62,40.64,61.38
2021-09-05 00:00:00+00:00,4107.11,166.28,1574.18,1384.43,43.03,1521.38,435.43,104.61,418.19,74.98,68.96
2021-09-12 00:00:00+00:00,4596.65,248.94,1687.42,993.38,64.01,1346.28,409.66,106.75,567.74,96.61,76.62
2021-09-19 00:00:00+00:00,4763.83,248.62,1626.33,1036.48,46.78,1035.44,487.96,92.7,469.8,72.34,80.23
2021-09-26 00:00:00+00:00,3579.73,80.84,1659.78,2506.68,46.09,726.63,642.74,66.65,507.31,54.75,58.79
2021-10-03 00:00:00+00:00,2540.81,3.63,1646.12,4137.41,117.52,620.1,605.14,61.66,397.09,62.69,37.67
2021-10-10 00:00:00+00:00,3828.04,85.46,1344.28,2695.29,150.56,1078.34,734.16,54.32,386.31,64.5,59.29
2021-10-17 00:00:00+00:00,4379.05,126.55,1357.35,2153.68,156.72,1121.17,761.85,63.47,336.38,70.64,66.34
2021-10-24 00:00:00+00:00,2910.41,9.04,1538.79,3957.0,195.76,1020.62,738.64,63.69,274.27,76.41,43.06
2021-10-31 00:00:00+00:00,2586.63,26.43,1795.87,4156.91,205.35,948.66,680.77,57.9,238.13,83.58,38.29
2021-11-07 00:00:00+00:00,3853.38,118.58,1875.09,3499.85,236.04,1009.2,638.29,64.88,287.04,78.3,51.66
2021-11-14 00:00:00+00:00,4525.02,255.52,1982.48,2594.92,211.82,833.33,788.57,64.85,148.01,74.66,65.34
2021-11-21 00:00:00+00:00,3975.28,281.45,1890.07,3312.42,193.44,779.57,854.36,72.7,168.3,80.02,60.19
2021-11-28 00:00:00+00:00,4842.23,332.05,1841.06,3359.34,217.34,875.42,857.75,83.08,209.04,87.32,66.11
2021-12-05 00:00:00+00:00,4562.51,258.29,1735.21,3990.82,210.92,951.06,867.58,66.78,149.71,87.79,59.76
2021-12-12 00:00:00+00:00,4509.73,405.47,1705.62,3932.24,202.28,924.9,900.21,57.17,106.68,63.9,62.94
2021-12-19 00:00:00+00:00,5676.93,327.9,1771.18,1873.85,204.02,1087.69,863.26,90.02,74.54,90.12,80.26
2021-12-26 00:00:00+00:00,4763.91,222.74,2180.26,2536.09,136.14,921.71,900.9,76.62,44.56,90.72,66.31
2022-01-02 00:00:00+00:00,2045.68,3.15,2283.19,4071.45,120.64,955.89,735.43,49.89,75.71,131.64,33.21
2022-01-09 00:00:00+00:00,3403.24,11.52,2037.62,4287.04,203.94,1205.19,798.34,66.36,146.64,105.12,42.95
2022-01-16 00:00:00+00:00,6035.76,386.24,1823.26,2263.6,187.22,844.13,825.42,102.89,186.9,102.73,78.66
2022-01-23 00:00:00+00:00,5765.11,237.98,1716.15,2824.23,122.22,1024.64,800.94,89.41,201.82,82.72,72.61
2022-01-30 00:00:00+00:00,4635.67,450.11,1718.31,3502.11,144.97,972.93,781.41,94.89,181.68,110.99,66.99
2022-02-06 00:00:00+00:00,2675.49,243.14,1752.95,5300.12,161.67,1039.21,648.99,77.16,242.74,79.13,41.31
2022-02-13 00:00:00+00:00,3117.74,364.51,1737.66,4565.12,221.46,1054.52,762.52,76.1,244.92,73.44,48.72
2022-02-20 00:00:00+00:00,2379.37,296.83,1674.21,4944.97,236.74,1405.36,654.44,75.38,200.2,114.8,40.44
2022-02-27 00:00:00+00:00,2186.31,413.06,1656.86,4861.38,259.92,1233.77,739.31,81.84,480.25,86.68,41.95
2022-03-06 00:00:00+00:00,4169.55,339.9,2013.63,2655.67,251.41,1226.79,857.01,87.95,254.32,76.26,62.57
2022-03-13 00:00:00+00:00,2570.44,245.88,1980.8,4702.31,147.3,1016.04,570.68,67.85,462.36,74.08,41.29
2022-03-20 00:00:00+00:00,3798.07,198.48,1913.32,3056.38,168.29,922.2,613.02,67.29,662.12,66.22,54.38
2022-03-27 00:00:00+00:00,5134.06,333.2,1828.7,768.44,116.68,1125.23,469.17,61.58,769.0,65.34,81.2
2022-04-03 00:00:00+00:00,5136.94,364.62,1749.22,1957.45,87.61,809.19,645.55,63.86,580.52,67.92,76.66
2022-04-10 00:00:00+00:00,3275.4,226.23,1756.56,3819.52,126.2,861.13,476.6,59.8,616.16,52.83,50.87
2022-04-17 00:00:00+00:00,3900.33,83.5,2021.29,2363.23,92.04,558.02,493.56,71.37,689.19,57.86,56.67
2022-04-24 00:00:00+00:00,3722.71,5.89,1680.7,2895.54,78.7,448.52,508.01,77.64,814.23,53.68,51.97
2022-05-01 00:00:00+00:00,6192.49,38.06,1951.22,986.06,77.9,198.03,679.61,111.52,667.04,91.35,80.61
2022-05-08 00:00:00+00:00,5980.54,14.48,2034.06,1268.79,79.68,146.77,463.51,126.65,672.89,110.57,77.95
2022-05-15 00:00:00+00:00,3948.99,0.0,1780.36,3671.1,100.92,165.4,371.52,69.92,755.36,65.14,52.16
2022-05-22 00:00:00+00:00,4547.83,0.0,1816.23,2937.14,110.04,142.91,172.64,95.09,804.83,59.78,59.13
2022-05-29 00:00:00+00:00,3416.45,0.0,1725.75,3244.57,112.31,577.96,313.61,65.89,755.51,54.75,48.85
2022-06-05 00:00:00+00:00,5044.02,0.0,1819.02,1360.74,117.98,240.56,695.89,100.29,715.09,48.5,70.8
2022-06-12 00:00:00+00:00,3754.59,0.0,2066.71,2767.42,78.0,301.38,543.26,99.67,823.0,46.21,52.66
2022-06-19 00:00:00+00:00,4176.31,34.48,2032.15,2027.31,82.58,470.97,452.54,112.03,884.15,48.31,60.38
2022-06-26 00:00:00+00:00,4511.2,69.94,1879.74,2222.02,83.99,312.63,404.04,110.87,936.7,53.46,63.25
2022-07-03 00:00:00+00:00,4722.06,91.1,1698.73,2208.88,88.73,348.13,426.59,111.07,749.09,64.46,67.92
2022-07-10 00:00:00+00:00,4210.7,112.02,1578.77,2363.61,75.23,575.88,635.51,101.54,917.72,56.76,62.6
2022-07-17 00:00:00+00:00,4801.1,169.51,1625.27,1673.91,72.69,522.66,677.95,114.09,933.91,57.31,72.24
2022-07-24 00:00:00+00:00,4522.87,149.33,1613.69,2186.08,98.07,476.31,681.13,118.1,722.69,70.01,67.57
2022-07-31 00:00:00+00:00,4777.4,326.22,1555.24,1687.68,98.13,393.36,515.0,129.65,640.46,43.61,79.22
2022-08-07 00:00:00+00:00,4079.35,47.65,1569.07,2345.08,75.9,366.54,502.72,94.48,868.96,50.15,61.64
2022-08-14 00:00:00+00:00,5246.06,30.03,1553.56,882.31,71.42,481.97,686.7,130.84,1025.41,70.66,77.28
2022-08-21 00:00:00+00:00,4622.11,43.16,1495.36,2074.92,56.66,487.02,657.6,126.02,613.48,58.1,69.37
2022-08-28 00:00:00+00:00,5042.39,172.78,1448.03,994.52,62.58,565.85,672.36,164.07,608.25,47.64,83.6
2022-09-04 00:00:00+00:00,4829.34,200.47,1620.12,2262.79,38.52,257.35,583.09,132.63,594.53,45.47,72.67
2022-09-11 00:00:00+00:00,5096.0,288.21,1767.48,2076.51,50.48,176.43,585.84,121.68,527.06,69.07,76.91
2022-09-18 00:00:00+00:00,3684.5,284.1,1489.21,2968.75,46.65,539.99,681.51,83.6,606.55,45.21,60.28
2022-09-25 00:00:00+00:00,5094.76,295.59,1340.8,1875.89,46.42,104.37,738.36,98.18,501.05,58.14,80.74
2022-10-02 00:00:00+00:00,3966.58,123.64,1409.79,3763.71,74.09,298.9,593.0,95.94,475.93,74.42,55.32
2022-10-09 00:00:00+00:00,2905.1,50.64,1457.14,4441.32,179.48,483.53,319.64,91.58,447.11,84.63,42.26
2022-10-16 00:00:00+00:00,4303.2,90.4,1523.96,3097.07,169.42,314.67,637.3,105.48,471.58,81.21,58.51
2022-10-23 00:00:00+00:00,4884.92,13.34,1534.62,3441.8,168.94,277.91,272.85,96.96,348.32,71.65,62.56
2022-10-30 00:00:00+00:00,3822.75,14.6,1530.82,4306.07,176.05,287.02,169.76,81.83,299.55,69.02,50.72
2022-11-06 00:00:00+00:00,3237.8,17.34,1557.43,4040.4,208.45,944.02,341.29,81.83,229.98,78.65,44.97
2022-11-13 00:00:00+00:00,3295.23,13.95,1555.7,4916.69,202.83,575.49,553.16,72.98,196.82,82.67,42.73
2022-11-20 00:00:00+00:00,4989.64,67.11,1471.52,3696.36,213.78,441.01,657.06,110.32,164.87,79.26,60.48
2022-11-27 00:00:00+00:00,4803.21,71.41,1459.48,4597.56,191.86,332.19,600.0,118.17,157.72,74.1,57.92
2022-12-04 00:00:00+00:00,5814.21,394.0,1470.42,1881.86,200.97,884.59,652.42,161.28,104.42,88.26,84.33
2022-12-11 00:00:00+00:00,6520.38,420.28,1775.67,2256.74,100.07,685.99,679.73,136.59,179.17,89.5,83.89
2022-12-18 00:00:00+00:00,6110.3,423.66,1958.41,2717.79,121.46,985.07,686.31,153.58,137.8,109.19,78.43
2022-12-25 00:00:00+00:00,2320.82,157.47,1934.4,4487.13,154.19,1246.98,534.46,80.44,95.33,119.65,38.31
2023-01-01 00:00:00+00:00,1148.16,152.33,1916.14,5029.86,162.22,1281.15,347.81,81.81,92.35,124.23,24.25
2023-01-08 00:00:00+00:00,1762.2,117.2,1817.73,5216.15,216.78,1293.81,366.84,71.3,116.61,133.31,29.6
2023-01-15 00:00:00+00:00,1427.85,172.79,1717.59,5832.84,256.43,1503.89,498.04,91.52,136.44,159.41,25.74
2023-01-22 00:00:00+00:00,4923.32,289.42,1619.68,3373.43,193.29,1305.76,653.75,119.48,298.79,83.77,64.53
2023-01-29 00:00:00+00:00,5528.2,286.96,1616.14,2720.77,194.15,1104.42,624.35,126.25,185.5,97.16,71.83
2023-02-05 00:00:00+00:00,2511.81,171.31,1613.6,4974.38,197.29,1371.28,616.43,91.91,253.4,94.28,38.74
2023-02-12 00:00:00+00:00,4438.94,294.51,1354.41,3004.71,191.27,1239.74,662.14,100.96,342.58,81.7,65.42
2023-02-19 00:00:00+00:00,3330.03,159.35,943.76,3734.49,162.07,1640.45,620.48,93.8,331.31,93.11,51.97
2023-02-26 00:00:00+00:00,3896.83,44.29,974.24,3570.21,185.26,1536.23,566.22,85.15,322.83,75.71,54.09
2023-03-05 00:00:00+00:00,6547.59,61.22,1400.13,1627.04,101.76,1264.8,612.62,105.72,270.01,67.91,81.27
2023-03-12 00:00:00+00:00,4677.35,168.46,1374.78,3039.79,58.67,1584.6,606.02,100.49,331.66,77.26,62.6
2023-03-19 00:00:00+00:00,3155.92,49.96,1363.04,3418.37,129.93,1849.97,488.88,102.98,410.88,98.01,46.16
2023-03-26 00:00:00+00:00,2202.8,1.65,1376.99,4399.63,142.49,1459.06,404.32,97.45,476.83,107.78,33.09
2023-04-02 00:00:00+00:00,3069.61,9.97,1366.22,3173.52,126.09,1726.06,567.79,67.33,424.54,86.33,45.05
2023-04-09 00:00:00+00:00,3840.28,23.26,1391.51,2250.59,95.1,1036.46,667.78,83.82,827.39,49.76,57.61
2023-04-16 00:00:00+00:00,3181.49,0.0,1592.6,3160.0,124.86,1073.05,586.39,65.24,626.33,63.84,46.29
2023-04-23 00:00:00+00:00,3172.83,0.0,1419.95,2871.91,99.93,1363.68,540.37,100.47,726.3,52.17,47.86
2023-04-30 00:00:00+00:00,4146.91,23.15,1346.93,1809.57,76.44,1627.79,445.41,96.0,646.64,51.85,61.64
2023-05-07 00:00:00+00:00,3392.33,0.0,1214.35,2157.76,48.65,1624.95,372.96,91.3,735.26,47.93,53.11
2023-05-14 00:00:00+00:00,3757.77,0.0,1197.53,1626.21,56.74,1683.01,379.79,79.11,683.02,60.35,57.56
2023-05-21 00:00:00+00:00,3213.09,0.0,1364.77,1761.01,45.88,1961.49,203.04,64.1,978.62,24.54,49.09
2023-05-28 00:00:00+00:00,2802.06,0.16,1760.75,1825.2,40.32,1582.52,157.59,62.9,1068.54,29.05,42.52
2023-06-04 00:00:00+00:00,2423.73,0.0,1769.72,1690.81,38.1,1716.83,245.1,63.77,1046.44,18.98,39.99
2023-06-11 00:00:00+00:00,3169.43,0.0,1727.0,1975.61,28.5,1124.23,233.07,75.73,978.47,13.7,49.38
2023-06-18 00:00:00+00:00,4047.03,50.48,1285.34,1314.88,32.73,1375.35,239.67,103.77,1052.86,16.16,64.07
2023-06-25 00:00:00+00:00,3826.25,41.81,1453.76,1963.28,35.09,927.13,294.76,92.86,945.79,37.07,58.66
2023-07-02 00:00:00+00:00,2819.78,61.22,1715.93,2779.31,28.28,1010.42,314.14,83.29,709.35,32.14,45.07
2023-07-09 00:00:00+00:00,2360.25,17.33,1723.88,2641.33,65.39,1293.99,395.62,85.51,814.29,45.8,39.35
2023-07-16 00:00:00+00:00,2983.31,21.96,1536.79,3326.68,81.1,642.26,506.25,82.58,717.58,26.23,45.11
2023-07-23 00:00:00+00:00,3368.51,60.15,1449.5,1814.68,91.95,1171.44,521.46,92.67,738.75,32.41,55.77
2023-07-30 00:00:00+00:00,3047.35,59.98,872.87,2463.32,72.86,1353.18,498.2,85.44,686.72,29.94,51.52
2023-08-06 00:00:00+00:00,2516.05,4.54,981.91,2748.6,100.14,1631.02,448.69,90.67,585.56,32.56,42.11
2023-08-13 00:00:00+00:00,2745.16,53.41,1320.03,2427.38,77.75,1403.91,362.04,91.97,792.58,32.18,45.99
2023-08-20 00:00:00+00:00,3368.29,63.85,1386.91,2575.01,81.72,960.33,364.97,93.58,736.22,25.13,52.17
2023-08-27 00:00:00+00:00,3977.82,80.87,1576.96,1676.01,108.33,848.74,356.25,107.44,729.54,23.36,62.16
2023-09-03 00:00:00+00:00,3857.53,22.28,1747.34,1352.75,99.74,1011.33,455.01,85.3,659.97,14.54,59.83
2023-09-10 00:00:00+00:00,4671.72,121.29,1752.15,946.08,64.1,1110.67,459.82,106.84,806.61,18.46,70.36
2023-09-17 00:00:00+00:00,3877.93,184.82,1743.17,1849.15,60.41,1056.73,468.78,119.16,522.3,42.7,60.63
2023-09-24 00:00:00+00:00,1849.31,94.98,1737.4,3968.87,149.13,1196.79,334.58,121.34,463.58,54.65,31.24
2023-10-01 00:00:00+00:00,2500.78,199.77,1647.88,3818.38,203.96,769.46,428.62,106.46,461.68,56.62,42.46
2023-10-08 00:00:00+00:00,2336.19,20.66,1418.53,3979.38,219.58,915.16,477.84,113.64,457.51,64.83,35.68
2023-10-15 00:00:00+00:00,2731.64,155.64,1412.99,3357.18,223.3,1091.97,627.12,115.59,437.8,81.38,44.6
2023-10-22 00:00:00+00:00,2593.93,154.38,1383.6,3914.04,198.95,1118.06,692.35,111.34,327.63,77.44,42.77
2023-10-29 00:00:00+00:00,3453.01,281.98,1497.68,2752.42,161.64,1286.2,709.72,106.13,292.18,58.94,56.21
2023-11-05 00:00:00+00:00,2465.7,222.85,1533.87,3683.2,158.05,1861.17,518.64,107.63,255.47,97.64,41.03
2023-11-12 00:00:00+00:00,3070.67,312.76,1421.2,3200.32,146.74,1651.47,884.75,95.8,288.4,70.84,51.02
2023-11-19 00:00:00+00:00,3529.8,269.38,1108.11,3730.96,161.03,1206.93,808.74,116.14,183.64,89.52,54.02
2023-11-26 00:00:00+00:00,3555.54,288.05,1220.8,3907.39,171.2,1196.35,850.92,122.2,191.29,65.43,53.77
2023-12-03 00:00:00+00:00,6359.16,307.14,1519.32,1847.08,141.44,1086.63,899.5,158.12,189.19,87.79,81.1
2023-12-10 00:00:00+00:00,3616.09,266.46,1591.41,4517.42,100.18,806.3,838.06,121.66,99.34,65.37,50.65
2023-12-17 00:00:00+00:00,3864.95,145.98,1582.18,4305.54,146.66,779.86,822.02,116.81,106.7,74.2,49.93
2023-12-24 00:00:00+00:00,1581.77,26.35,1659.93,6240.28,214.32,932.45,566.46,122.48,72.96,120.21,22.31
2023-12-31 00:00:00+00:00,1164.07,30.2,1716.54,5135.74,263.3,1260.94,408.57,131.88,83.18,161.14,20.71
